,PGA,RuBP,fRB,fP,fZ,alphar,PSIId,fR,PR,Cc,Ccyt,Ci,Ca,H2OS,gsw,sumA,PhiqE,Rp,Sc,gc,Kmapp_RuBP,PARaP2,fRuBP,phi,Vc,VrTPU,VrE,A,gm,Fmp_d,Fop_d,fRBss_nr,qI,Kinh,Fo,Fm,kD,Fmp_a,PhiIIop,Fmp,PhiIIo,J2pp,J2pm,Fop_a,qPp,NPQ,qPm,qM,qPno_qD,qE,fqEss,PhiqEss,PhiIIoss,J2qE,VrJ,J2,fRBss_r,Vr,qP,PhiII,reg_limit,fRBss,gsc,Photo,Trmmol,gtw,transpiration,Cond,obs_Vr,obs_Vc,obs_fRuBP,obs_PARaP,obs_PARa,obs_PAR,obs_fqEss,obs_PhiqE,obs_PhiIIoss,obs_PhiIIo,obs_qP,obs_PhiII,obs_VrJ,obs_NPQ,obs_qI,obs_qE,obs_qM,obs_Rp,obs_A,obs_gss,obs_VPDleaf,obs_Sc,obs_Photo,obs_transpiration,obs_Trmmol,obs_Cond,obs_gm,obs_reg_limit,dPGA_dt,dRuBP_dt,dPR_dt,dfP_dt,dfZ_dt,dalphar_dt,dPSIId_dt,dfR_dt,dfRB_dt,dCc_dt,dCcyt_dt,dCi_dt,dCa_dt,dH2OS_dt,dgsw_dt
0.0,5e-05,5e-05,0.25,0.0,0.0,1.0,0.0,0.0,0.0,0.0003800000000000001,0.00038,0.00038,0.00038,0.02,0.09,0.0,0.0,0.0,6.603,0.2627724489795918,0.13904761904761903,393.0,0.9614856984313883,0.2206765187285205,6.577315411451816e-06,5.871674456825652e-05,0.0,0.0,-0.0,0.011075949367088608,0.011075949367088608,1.0,0.0,0.1,0.01769352290679305,0.1095890410958904,455000000.0,0.1095890410958904,0.8385466034755135,0.1095890410958904,0.8385466034755135,0.00013927998233092306,0.0,0.01769352290679305,4.226383950457147e-07,0.0,0.0,0.0,0.0,0.0,1.0,0.2,0.6385466034755134,0.00013927998233092306,5.910451060441628e-05,0.0,0.9179306851660463,0.0,0.0,0.0,3.0,0.9179306851660463,0.05769230769230769,0.0,0.01275510204081633,0.761573766864976,0.0014927482962119904,0.8303063227175655,0.0,6.577315411451816e-06,0.9614856984313883,786.0,839.0,1000.0,1.0,0.0,0.6385466034755134,0.8385466034755135,0.0,0.0,5.910451060441628e-05,0.0,0.0,0.0,0.0,0.0,0.0,0.14847186416435718,1652372.0930966623,6.603,0.0,0.0014927482962119904,0.01275510204081633,0.8303063227175655,-0.0,3.0,1.533181942427158e-05,-8.028774479030448e-06,1.4514590675786333e-06,0.0187,0.00187,-0.0003719998864527635,83.9,0.006279999888823415,0.006576145952370591,-0.0010414548111549761,0.00015675700472692652,0.0,0.0,-0.0006772027431094089,6.665792514736718e-05
1.0,6.348415961501427e-05,4.2869814754902264e-05,0.2565438790523195,0.01852425406083623,0.0018680529914246362,0.9996283458590249,0.9999977088699205,0.006260321907106785,1.5746539497121214e-06,0.0002788208881744834,0.000299356861182546,0.0003051282621302032,0.0003797949953021493,0.019372238327030066,0.09006661994456541,0.0,0.0008198447966759053,1.8895847396545456e-08,6.600545967707141,0.2626747885107944,0.1711527609881292,392.8539399225968,0.9421794668684406,0.3007560791656358,5.4536316144561165e-06,6.465218433640899e-05,6.885566102677115e-07,4.328550710742894e-06,0.1645375444173429,0.011071832944641098,0.011071832944641098,1.0,8.897801705841827,0.09991801552033241,0.011075964528810399,0.011076175073396297,458097440.4895115,0.10888828256916303,1.9008780964775682e-05,0.011072057054851108,-0.0008008360157111296,0.00013849488485137933,1.6442996138486536e-06,0.017669654554392712,0.01854591880531932,8.897803141095185,0.00022018897782961208,0.003678559523944358,0.00022018897782961208,-0.0036771242705864182,0.9997798110221704,0.19992954534507687,-0.1999105365641121,0.00013849488485137933,5.7995250773962756e-05,1.6442996138486536e-06,0.9179306851660463,6.885566102677115e-07,-5.2264433271076915e-06,4.185524050420944e-09,3.0,0.9179306851660463,0.05773501278497783,5.125117446267688e-07,0.011146529034551662,0.6655300817781651,0.001493842548190859,0.717429062499388,6.885566102677115e-07,5.4536316144561165e-06,0.9421794668684406,786.0,839.0,1000.0,0.9997798110221704,0.0008198447966759053,-0.1999105365641121,-0.0008008360157111296,-5.2264433271076915e-06,4.185524050420944e-09,5.7995250773962756e-05,8.897803141095185,8.897801705841827,-0.0036771242705864182,0.003678559523944358,1.8895847396545456e-08,4.328550710742894e-06,0.14847186416435718,1652372.0930966623,6.600545967707141,5.125117446267688e-07,0.001493842548190859,0.011146529034551662,0.717429062499388,0.1645375444173429,3.0,1.267902591101089e-05,-6.728444561845105e-06,1.602421166784487e-06,0.01834947891517695,0.0018660949875174944,-0.0003713086097505499,-2.7247109517897997e-09,0.006240685067246784,0.006511717854218436,-9.397384143668105e-06,-8.999405171717127e-06,-8.615745317657763e-06,-2.3414035335526988e-07,-0.0005807856181973788,6.65819784105626e-05
2.0,7.57616898078944e-05,3.635241846607541e-05,0.2630236461235149,0.03670115212249276,0.0037321953328604053,0.9992573823522845,0.9999977061506876,0.012481452179367183,3.16040331687912e-06,0.00027656681513011657,0.0002971666197581734,0.00030301153627285463,0.00037957500556464645,0.018833859195800773,0.09013316398566584,0.0,0.0016337710024535868,3.792483980254944e-08,6.598096495672134,0.26257730952164615,0.2003849757330819,392.7081512644478,0.9157877975392456,0.3032072993912358,5.405728267623533e-06,6.484270394291469e-05,1.389239474736371e-06,4.38368738601092e-06,0.1657679565743773,0.011067724171623404,0.011067724171623404,1.0,8.901475834759857,0.09983662289975465,0.011075964546805121,0.01107617534127633,461178523.04580593,0.10819941455065363,1.9031341118648578e-05,0.01106794697708459,-0.0016147396613349382,0.00013849552913142843,3.3188305646858716e-06,0.017645936047139293,0.018530897097278357,8.90147868640741,0.00044406420960443747,0.007353012811005755,0.00044406420960443747,-0.007350161163452995,0.9995559357903956,0.19985792311608927,-0.19983889177497063,0.00013849552913142843,5.797326871433477e-05,3.3188305646858716e-06,0.9179306851660463,1.389239474736371e-06,-5.23374612882078e-06,8.45113745156511e-09,3.0,0.9179306851660463,0.05777766922158067,1.0624860883838937e-06,0.009768628972098455,0.5832592745695688,0.0014949355377661788,0.6227395597738594,1.389239474736371e-06,5.405728267623533e-06,0.9157877975392456,786.0,839.0,1000.0,0.9995559357903956,0.0016337710024535868,-0.19983889177497063,-0.0016147396613349382,-5.23374612882078e-06,8.45113745156511e-09,5.797326871433477e-05,8.90147868640741,8.901475834759857,-0.007350161163452995,0.007353012811005755,3.792483980254944e-08,4.38368738601092e-06,0.14847186416435718,1652372.0930966623,6.598096495672134,1.0624860883838937e-06,0.0014949355377661788,0.009768628972098455,0.6227395597738594,0.1657679565743773,3.0,1.1880801464414186e-05,-6.307266633629002e-06,1.5632065896638962e-06,0.018005384454589782,0.0018621903946555907,-0.00037061861762801256,-2.7141736116649898e-09,0.006201616369136988,0.006447920973877548,5.24583085967298e-07,4.0708525927797327e-07,3.5398581489068645e-07,-2.037786438490756e-07,-0.000498087274643722,6.650611820370812e-05
3.0,8.720165971586948e-05,3.0279761234147623e-05,0.2694399293439422,0.05453714301811703,0.005592435720795112,0.9988871081963715,0.9999977034415903,0.018663636172826525,4.691458772199263e-06,0.00027799944970780915,0.00029834312932727243,0.0003040840806179247,0.00037938800074341545,0.01837214451958155,0.09019963220978328,0.0,0.0024417826055634414,5.629750526639115e-08,6.595651575420641,0.26248001167490304,0.22762299932349872,392.562633521174,0.8776327683410112,0.3016447593870263,5.325012005163337e-06,6.472119291951982e-05,2.0943536331036583e-06,4.305713467989204e-06,0.16506706507851948,0.011063623033820571,0.011063623033820571,1.0,8.905145857709202,0.09975582173944367,0.011075964564732772,0.01107617560815788,464243149.6072073,0.10752218092872676,1.905381718158362e-05,0.011063844556532889,-0.002422728788381858,0.00013849616872078398,5.002093501381522e-06,0.017622367103767314,0.018515984438501183,8.905150107263678,0.0006687454699070601,0.011023360368083601,0.0006687454699070601,-0.01101911081360818,0.999331254530093,0.19978605511609018,-0.1997670012989086,0.00013849616872078398,5.798771135549542e-05,5.002093501381522e-06,0.9179306851660463,2.0943536331036583e-06,-5.259422344641328e-06,1.2742153924621355e-08,3.0,0.9179306851660463,0.05782027705755338,1.529998141461365e-06,0.008588143920210962,0.5127756010703785,0.001496027266412308,0.5430428999196503,2.0943536331036583e-06,5.325012005163337e-06,0.8776327683410112,786.0,839.0,1000.0,0.999331254530093,0.0024417826055634414,-0.1997670012989086,-0.002422728788381858,-5.259422344641328e-06,1.2742153924621355e-08,5.798771135549542e-05,8.905150107263678,8.905145857709202,-0.01101911081360818,0.011023360368083601,5.629750526639115e-08,4.305713467989204e-06,0.14847186416435718,1652372.0930966623,6.595651575420641,1.529998141461365e-06,0.001496027266412308,0.008588143920210962,0.5430428999196503,0.16506706507851948,3.0,1.0965063324768798e-05,-5.819697636553519e-06,1.4936669544977388e-06,0.017667649885273952,0.001858291591173387,-0.0003699299076980145,-2.7040007538018263e-09,0.006162792253658064,0.006384749127058163,2.343004017847888e-06,1.932023627465471e-06,1.7750762195278627e-06,-1.703093110782164e-07,-0.0004271557068468688,6.643034442821425e-05
4.0,9.760815001318177e-05,2.4757919322656816e-05,0.27579335068041594,0.07203854141543548,0.007448781334096249,0.9985175221102851,0.9999977007426846,0.02480711770375487,6.1352979281648585e-06,0.00028144289070063507,0.00030117837484121404,0.0003066969526592197,0.00037923448277620963,0.017976185679049184,0.09026602470329989,0.0,0.0032438848310969667,7.36235751379783e-08,6.593211198494212,0.2623828946339533,0.25240035717424225,392.41738618934204,0.8223377542683381,0.2979541494477998,5.148712020185348e-06,6.443507819239681e-05,2.7999370921356895e-06,4.138933363504249e-06,0.16389178779603403,0.011059529517044297,0.011059529517044297,1.0,8.908811775239434,0.0996756115168903,0.01107596458259298,0.011076175874035431,467291227.19375753,0.1068563322531523,1.907620868923144e-05,0.011059749778543782,-0.003224808622407735,0.00013849680362537382,6.683414184116408e-06,0.01759894741772314,0.018501180697675423,8.90881740457602,0.0008928079945600324,0.014689602715506567,0.0008928079945600324,-0.014683973378920356,0.99910719200544,0.1997143970944746,-0.19969532088578537,0.00013849680362537382,5.802159299576377e-05,6.683414184116408e-06,0.9179306851660463,2.7999370921356895e-06,-5.281365072425681e-06,1.703139162364139e-08,3.0,0.9179306851660463,0.05786283634826916,1.9137930594758908e-06,0.007576663711325461,0.4523827645156186,0.0014971177356018213,0.4757777256943769,2.7999370921356895e-06,5.148712020185348e-06,0.8223377542683381,786.0,839.0,1000.0,0.99910719200544,0.0032438848310969667,-0.19969532088578537,-0.003224808622407735,-5.281365072425681e-06,1.703139162364139e-08,5.802159299576377e-05,8.90881740457602,8.908811775239434,-0.014683973378920356,0.014689602715506567,7.36235751379783e-08,4.138933363504249e-06,0.14847186416435718,1652372.0930966623,6.593211198494212,1.9137930594758908e-06,0.0014971177356018213,0.007576663711325461,0.4757777256943769,0.16389178779603403,3.0,9.798607114323988e-06,-5.1975889788854675e-06,1.386832960450032e-06,0.017336183766033086,0.0018544012279554127,-0.0003692424775778938,-2.693796071433609e-09,0.006124211189643834,0.006322196190153983,4.677602993409918e-06,3.848223407666731e-06,3.552729868208853e-06,-1.3652772984666588e-07,-0.0003663166302899091,6.63546569856053e-05
5.0,0.00010669194165230675,1.994165171487036e-05,0.28208452600609996,0.08921156809588966,0.009301241668866445,0.9981486228154054,0.9999976980540236,0.03091213906203508,7.450051083233914e-06,0.00028752364741932527,0.00030618886016194047,0.00031132936922085886,0.00037911558025434,0.017636626541504167,0.09033234155249932,0.0,0.0040400857931324535,8.940061299880697e-08,6.590775356450122,0.2622859580628109,0.2740284325054922,392.2724087664543,0.7465475820813402,0.29165280097654167,4.848149317506043e-06,6.394942308688899e-05,3.503535956887147e-06,3.8553817941887894e-06,0.16195189653692507,0.011055443607132655,0.011055443607132655,1.0,8.912473587912858,0.09959599142068676,0.011075964600385391,0.011076176138903734,470322674.2563691,0.10620162423486222,1.9098515199638576e-05,0.01105566262850032,-0.004020987277932815,0.00013849743385196088,8.35456734642947e-06,0.017575676622414587,0.018486485724014137,8.912480579262752,0.0011151584956091687,0.018351740387183568,0.0011151584956091687,-0.018344749037289887,0.9988848415043908,0.19964329851082152,-0.1996241999956219,0.00013849743385196088,5.807969692701316e-05,8.35456734642947e-06,0.9179306851660463,3.503535956887147e-06,-5.296677160676572e-06,2.1297871478397798e-08,3.0,0.9179306851660463,0.05790534714903802,2.2110493641500633e-06,0.006709906468269715,0.4006309575571837,0.0014982069468055294,0.4188714885974215,3.503535956887147e-06,4.848149317506043e-06,0.7465475820813402,786.0,839.0,1000.0,0.9988848415043908,0.0040400857931324535,-0.1996241999956219,-0.004020987277932815,-5.296677160676572e-06,2.1297871478397798e-08,5.807969692701316e-05,8.912480579262752,8.912473587912858,-0.018344749037289887,0.018351740387183568,8.940061299880697e-08,3.8553817941887894e-06,0.14847186416435718,1652372.0930966623,6.590775356450122,2.2110493641500633e-06,0.0014982069468055294,0.006709906468269715,0.4188714885974215,0.16195189653692507,3.0,8.313727170129658e-06,-4.405555124080418e-06,1.2351751020055323e-06,0.017010890212738973,0.0018505213316924304,-0.00036855632488941753,-2.683518686587673e-09,0.006085871655513835,0.006260256099554065,7.517035013989632e-06,6.200483823100596e-06,5.739099743213039e-06,-1.0089115431508436e-07,-0.0003141340396660597,6.627905577751795e-05
6.0,0.00011414570057083629,1.5994307975217512e-05,0.2883140651601401,0.10606234599651522,0.01114982795980996,0.9977804090354873,0.9999976953756557,0.03697894102071188,8.594560487962543e-06,0.00029623857989548725,0.0003134049846776067,0.00031801627016562914,0.00037903317184283686,0.017345442721903706,0.090398582843567,0.0,0.0048303961875580045,1.0313472585555052e-07,6.5883440408613225,0.2621892016261138,0.2917754775496102,392.1277007509465,0.6559954994089295,0.2830727758228605,4.4393184503379905e-06,6.329387826595441e-05,4.2034258934846876e-06,3.458464116016838e-06,0.158807663857656,0.011051365289950018,0.011051365289950018,1.0,8.916131296304314,0.0995169603812442,0.011075964618109686,0.011076176402758032,473337419.61590576,0.10555781782162961,1.912073631235438e-05,0.01105158309182121,-0.0048112754512456505,0.00013849805940891583,1.0009801309030928e-05,0.01755255429778761,0.018471899329119707,8.916139632248019,0.0013350370602593943,0.02200977393058423,0.0013350370602593943,-0.022001437986880035,0.9986649629397406,0.19957300201959127,-0.19955388128327892,0.00013849805940891583,5.815962886212156e-05,1.0009801309030928e-05,0.9179306851660463,4.2034258934846876e-06,-5.3056391917514665e-06,2.5526891596440645e-08,3.0,0.9179306851660463,0.05794780951510705,2.417070392907803e-06,0.005967108951289213,0.35628046148004006,0.001499294901492487,0.37063367187749163,4.2034258934846876e-06,4.4393184503379905e-06,0.6559954994089295,786.0,839.0,1000.0,0.9986649629397406,0.0048303961875580045,-0.19955388128327892,-0.0048112754512456505,-5.3056391917514665e-06,2.5526891596440645e-08,5.815962886212156e-05,8.916139632248019,8.916131296304314,-0.022001437986880035,0.02200977393058423,1.0313472585555052e-07,3.458464116016838e-06,0.14847186416435718,1652372.0930966623,6.5883440408613225,2.417070392907803e-06,0.001499294901492487,0.005967108951289213,0.37063367187749163,0.158807663857656,3.0,6.560186301939514e-06,-3.471568355941043e-06,1.0503807447877135e-06,0.016691668936838315,0.00184665330241247,-0.0003678714472587698,-2.673233348007495e-09,0.006047772139213344,0.0061989228510556955,9.742291763933167e-06,8.036231333540176e-06,7.454932067334306e-06,-6.389669929363333e-08,-0.00026937632944761734,6.62035407057008e-05
7.0,0.00011979361164891382,1.3007647555288579e-05,0.2944825720065683,0.12259689399733728,0.01299455236897692,0.9974128794966585,0.9999976927076221,0.04300776284545316,9.551214253107315e-06,0.00030622247534809095,0.0003217315645563071,0.000325748094306289,0.0003789869674299042,0.017095752554760996,0.0904647486625901,0.0,0.005614828865771246,1.1461457103728778e-07,6.585917243316436,0.26209262498912345,0.30522288487836624,391.9832616421868,0.5668616610457293,0.27384363940470186,4.002382152436252e-06,6.259601409452548e-05,4.898418646373641e-06,3.0123973124864363e-06,0.1542792225401718,0.01104729455138704,0.01104729455138704,1.0,8.919784901000918,0.09943851711342289,0.011075964635765595,0.01107617666559428,476335400.93183756,0.10492467935448238,1.9142871686285064e-05,0.011047511153961456,-0.005595685994084961,0.0001384986803069382,1.1647415701571634e-05,0.017529579979395186,0.018457421270258262,8.919794564461116,0.001552226041701559,0.025663703906653623,0.001552226041701559,-0.02565404044645625,0.9984477739582984,0.19950357679533767,-0.1994844339236514,0.0001384986803069382,5.82467849947268e-05,1.1647415701571634e-05,0.9179306851660463,4.898418646373641e-06,-5.310173582973205e-06,2.9714063944403114e-08,3.0,0.9179306851660463,0.057990223501660325,2.532581425239526e-06,0.005330510474973195,0.3182708322323021,0.0015003816011299913,0.3296758549183634,4.898418646373641e-06,4.002382152436252e-06,0.5668616610457293,786.0,839.0,1000.0,0.9984477739582984,0.005614828865771246,-0.1994844339236514,-0.005595685994084961,-5.310173582973205e-06,2.9714063944403114e-08,5.82467849947268e-05,8.919794564461116,8.919784901000918,-0.02565404044645625,0.025663703906653623,1.1461457103728778e-07,3.0123973124864363e-06,0.14847186416435718,1652372.0930966623,6.585917243316436,2.532581425239526e-06,0.0015003816011299913,0.005330510474973195,0.3296758549183634,0.1542792225401718,3.0,4.750386000866215e-06,-2.5100944469985683e-06,8.667977528369919e-07,0.016378411455269973,0.001842797524372031,-0.00036718784231654826,-2.6628478694788998e-09,0.006009911138153969,0.0061381904992844575,9.886102074475118e-06,8.264416408277367e-06,7.680209685196809e-06,-2.944001945027443e-08,-0.0002309872814858504,6.612811167201445e-05
8.0,0.00012370753582261065,1.0940841415263297e-05,0.3005906444894987,0.13882111810637454,0.014835426905041449,0.9970460329274149,0.9999976900499619,0.04899884230298815,1.0339599660420458e-05,0.0003153472511947869,0.00032940219033142945,0.0003328841275765023,0.0003789717752868836,0.016881650341890337,0.09053083909555765,0.0,0.0063933982665218304,1.240751959250455e-07,6.58349495541972,0.2619962278177236,0.3145417519585968,391.8390909404741,0.4945467971645207,0.265919797300025,3.6312062168904313e-06,6.200277692177947e-05,5.587862901621818e-06,2.611452933804631e-06,0.14891209112515805,0.011043231377360609,0.011043231377360609,1.0,8.923434402602501,0.09936066017334783,0.011075964653352857,0.011076176927408603,479316562.60755444,0.10430198081666321,1.9164920995528456e-05,0.011043446800412433,-0.006374233345526302,0.00013849929655721817,1.3269543394221707e-05,0.017506753170430163,0.018443051293166472,8.923445376836302,0.001767018862477931,0.0293135308897714,0.001767018862477931,-0.02930255665597059,0.9982329811375221,0.19943492864668633,-0.1994157637256908,0.00013849929655721817,5.832266100955691e-05,1.3269543394221707e-05,0.9179306851660463,5.587862901621818e-06,-5.312760776284695e-06,3.3864776896998105e-08,3.0,0.9179306851660463,0.058032589163819,2.570561782791056e-06,0.004784902912616529,0.2856940323631738,0.0015014670471835841,0.29485022247200043,5.587862901621818e-06,3.6312062168904313e-06,0.4945467971645207,786.0,839.0,1000.0,0.9982329811375221,0.0063933982665218304,-0.1994157637256908,-0.006374233345526302,-5.312760776284695e-06,3.3864776896998105e-08,5.832266100955691e-05,8.923445376836302,8.923434402602501,-0.02930255665597059,0.0293135308897714,1.240751959250455e-07,2.611452933804631e-06,0.14847186416435718,1652372.0930966623,6.58349495541972,2.570561782791056e-06,0.0015014670471835841,0.004784902912616529,0.29485022247200043,0.14891209112515805,3.0,3.122963963884185e-06,-1.6480284171023684e-06,7.174592293000032e-07,0.01607100183868246,0.0018389534264147387,-0.0003665055076977552,-2.652460690297882e-09,0.005972287159160649,0.0060780531571507845,8.096708163766295e-06,6.838262075419678e-06,6.368033511718177e-06,-2.508954607758276e-09,-0.0001980604715285518,6.605276857843146e-05
9.0,0.00012614571487144734,9.654769956185688e-06,0.30663887469013157,0.1547408076867887,0.016672462834620747,0.9966798680586182,0.9999976874027097,0.05495241567040287,1.1002296800890653e-05,0.0003220801814957552,0.00033511640767217477,0.00033821064336330515,0.00037897854388113715,0.01669807366916204,0.09059685422836064,0.0,0.00716612006467524,1.3202756161068785e-07,6.581077168791055,0.26190000977841954,0.32034694017011267,391.69518814703696,0.44540757757711386,0.26036087264792784,3.38078003654714e-06,6.158982043086464e-05,6.2715216884573215e-06,2.3206767683477884e-06,0.14386920767695754,0.011039175753813808,0.011039175753813808,1.0,8.927079801721307,0.09928338799353248,0.011075964670871245,0.011076177188197603,482280854.50315905,0.10368949990391133,1.918688395349258e-05,0.011039390016702386,-0.007146933180721747,0.00013849990817241985,1.487935486951394e-05,0.017484073349169467,0.018428789109147574,8.927092070312245,0.001979846027255669,0.032959255467682524,0.001979846027255669,-0.03294698687674469,0.9980201539727444,0.19936691964611322,-0.19934773276215972,0.00013849990817241985,5.8376534841060164e-05,1.487935486951394e-05,0.9179306851660463,6.2715216884573215e-06,-5.315157566213825e-06,3.798707597073783e-08,3.0,0.9179306851660463,0.05807490655664144,2.5536402971571064e-06,0.004317274337848475,0.25777315379707694,0.0015025512411170547,0.26520385310288874,6.2715216884573215e-06,3.38078003654714e-06,0.44540757757711386,786.0,839.0,1000.0,0.9980201539727444,0.00716612006467524,-0.19934773276215972,-0.007146933180721747,-5.315157566213825e-06,3.798707597073783e-08,5.8376534841060164e-05,8.927092070312245,8.927079801721307,-0.03294698687674469,0.032959255467682524,1.3202756161068785e-07,2.3206767683477884e-06,0.14847186416435718,1652372.0930966623,6.581077168791055,2.5536402971571064e-06,0.0015025512411170547,0.004317274337848475,0.26520385310288874,0.14386920767695754,3.0,1.810372645456119e-06,-9.544795727568167e-07,6.161677173247311e-07,0.01576932377554737,0.001835120182428291,-0.0003658244410417933,-2.6420461538771266e-09,0.005934898718413285,0.006018504995288734,5.289793076474434e-06,4.5153248578612085e-06,4.214324919736052e-06,1.429392190138459e-08,-0.00016981890473337713,6.597751132703605e-05
10.0,0.0001274380793412625,8.973565527498746e-06,0.3126278489487826,0.17036163872029997,0.018505670674329445,0.9963143836234629,0.9999976847658968,0.06086871776089413,1.1587142408204865e-05,0.00032590426870034904,0.00033841489412167193,0.0003412945513219998,0.00037899711945322666,0.016540673001483947,0.09066279414679318,0.0,0.007933011141588812,1.390457088984584e-07,6.578663875065725,0.2618039705383299,0.3234239984315774,391.5515527640209,0.41817649998705014,0.2573058568740005,3.2600180796760845e-06,6.136399389385405e-05,6.949414871726322e-06,2.1597429002458954e-06,0.14033159450935695,0.01103512766671557,0.01103512766671557,1.0,8.930721098982362,0.09920669888584112,0.011075964688320547,0.011076177447958191,485228231.8696208,0.1030870198514595,1.9208760300523135e-05,0.01103534078839562,-0.007913802381288288,0.00013850051516616022,1.6479299781862938e-05,0.017461539969640123,0.01841463440721175,8.930734645832635,0.0021910408088070036,0.036600878241724644,0.0021910408088070036,-0.03658733139145198,0.997808959191193,0.19929944302036087,-0.19928023426006036,0.00013850051516616022,5.840645856183722e-05,1.6479299781862938e-05,0.9179306851660463,6.949414871726322e-06,-5.3181992267775954e-06,4.208717770503807e-08,3.0,0.9179306851660463,0.05811717573512383,2.5072013669334006e-06,0.003916463444873792,0.23384178417051862,0.001503634184392458,0.23994049207949933,6.949414871726322e-06,3.2600180796760845e-06,0.41817649998705014,786.0,839.0,1000.0,0.997808959191193,0.007933011141588812,-0.19928023426006036,-0.007913802381288288,-5.3181992267775954e-06,4.208717770503807e-08,5.840645856183722e-05,8.930734645832635,8.930721098982362,-0.03658733139145198,0.036600878241724644,1.390457088984584e-07,2.1597429002458954e-06,0.14847186416435718,1652372.0930966623,6.578663875065725,2.5072013669334006e-06,0.001503634184392458,0.003916463444873792,0.23994049207949933,0.14033159450935695,3.0,8.288539057495308e-07,-4.367732069001091e-07,5.607303276188717e-07,0.0154732648928057,0.0018312971495265348,-0.00036514463999240453,-2.6315808625103354e-09,0.005897744341284999,0.00595954024085454,2.424718860318968e-06,2.1308185375130104e-06,1.998784679229039e-06,2.1318977318853986e-08,-0.00014559500079968464,6.590233982002296e-05
11.0,0.00012789642291796433,8.732048921472105e-06,0.3185581477566855,0.1856891751767685,0.020335060424241064,0.9959495783575404,0.9999976821395523,0.06674798189101136,1.2135936351376723e-05,0.000327067189406512,0.00033948897895045953,0.00034231018340552283,0.00037901866964459776,0.016405730940682095,0.09072865893654992,0.0,0.008694089495722031,1.4563123621652068e-07,6.576255065894839,0.26170810976520276,0.3245152926618198,391.4081842945134,0.4083308040635337,0.2563909796913679,3.2508480707858754e-06,6.129652021743532e-05,7.621684875329618e-06,2.1159033412974785e-06,0.13881153147700437,0.011031087102061365,0.011031087102061365,1.0,8.934358295022863,0.0991305910504278,0.011075964705700575,0.011076177706687505,488158655.05063725,0.10249432931069015,1.9230549795289682e-05,0.011031299101092898,-0.008674858945926742,0.0001385011175526479,1.807071084393512e-05,0.017439152463541302,0.018400586862496845,8.93437310434572,0.0024007870147653896,0.04023839982611044,0.0024007870147653896,-0.04022359050325264,0.9975992129852346,0.1992324398086699,-0.1992132092588746,0.0001385011175526479,5.8415625261446184e-05,1.807071084393512e-05,0.9179306851660463,7.621684875329618e-06,-5.3220985520472315e-06,4.6168454235330687e-08,3.0,0.9179306851660463,0.05815939675419867,2.453325888505682e-06,0.003572944111464012,0.21333114365202943,0.0015047158784700734,0.21839533123692473,7.621684875329618e-06,3.2508480707858754e-06,0.4083308040635337,786.0,839.0,1000.0,0.9975992129852346,0.008694089495722031,-0.1992132092588746,-0.008674858945926742,-5.3220985520472315e-06,4.6168454235330687e-08,5.8415625261446184e-05,8.93437310434572,8.934358295022863,-0.04022359050325264,0.04023839982611044,1.4563123621652068e-07,2.1159033412974785e-06,0.14847186416435718,1652372.0930966623,6.576255065894839,2.453325888505682e-06,0.0015047158784700734,0.003572944111464012,0.21839533123692473,0.13881153147700437,3.0,1.3024344878700806e-07,-6.862267160798865e-08,5.422256492635426e-07,0.015182717707018316,0.0018274839652890579,-0.0003644661021977886,-2.621111493784434e-09,0.005860822562547863,0.005901153178591869,5.54043569211871e-09,1.031613202933591e-07,1.1222330557796591e-07,2.0703204326493712e-08,-0.0001248182015374689,6.582725395970027e-05
12.0,0.00012777037765237487,8.798460878046418e-06,0.324430345984488,0.20072887688696237,0.02216064183407446,0.9955854509987646,0.9999976795237007,0.07259043993363141,1.2680703081161447e-05,0.00032611428170144387,0.0003387870343939286,0.0003416726543483363,0.0003790368232677579,0.016290050219398073,0.09079444868322896,0.0,0.009449374438415233,1.5216843697393737e-07,6.573850732944843,0.2616124271273968,0.32421518488660683,391.2650822425145,0.4110479451828528,0.2571401555286946,3.326756002076155e-06,6.135176789768225e-05,8.288504142815494e-06,2.164214965805805e-06,0.13910291358383647,0.011027054045872392,0.011027054045872392,1.0,8.93799139049262,0.09905506255615848,0.011075964723011165,0.011076177964383137,491072090.28103733,0.10191122202430389,1.9252252235145512e-05,0.011027264940430171,-0.009430122186180088,0.00013850171534750527,1.9654168636261766e-05,0.01741691023616904,0.01838664611707939,8.938007446805333,0.0026091679986319756,0.04387182084856356,0.0026091679986319756,-0.04385576453585038,0.997390832001368,0.1991658831713552,-0.19914663091912005,0.00013850171534750527,5.840857798110328e-05,1.9654168636261766e-05,0.9179306851660463,8.288504142815494e-06,-5.32679847002921e-06,5.0232360433532604e-08,3.0,0.9179306851660463,0.05820156966873651,2.407941830605248e-06,0.0032785330159713112,0.19575262751913375,0.001505796324808453,0.20000829593821307,8.288504142815494e-06,3.326756002076155e-06,0.4110479451828528,786.0,839.0,1000.0,0.997390832001368,0.009449374438415233,-0.19914663091912005,-0.009430122186180088,-5.32679847002921e-06,5.0232360433532604e-08,5.840857798110328e-05,8.938007446805333,8.93799139049262,-0.04385576453585038,0.04387182084856356,1.5216843697393737e-07,2.164214965805805e-06,0.14847186416435718,1652372.0930966623,6.573850732944843,2.407941830605248e-06,0.001505796324808453,0.0032785330159713112,0.20000829593821307,0.13910291358383647,3.0,-3.518283049933629e-07,1.8539447242435696e-07,5.51105681832006e-07,0.014897578560639385,0.0018236804556128387,-0.0003637888253104657,-2.610592465129586e-09,0.005824131926040209,0.005843338148582159,-1.8060959091050635e-06,-1.419709792114665e-06,-1.3058963327252407e-06,1.495432692197963e-08,-0.0001069977798614406,6.575225364848617e-05
13.0,0.0001272444925433795,9.0756176800585e-06,0.3302450128636535,0.21548610149163483,0.023982424543073765,0.9952220002873982,0.9999976769183638,0.0783963223082175,1.3244620733229648e-05,0.00032363360402466745,0.00033679988689244836,0.000339837999487065,0.00037904759946893053,0.016190889229028504,0.09086016347233077,0.0,0.010198886541680857,1.5893544879875577e-07,6.57145086789769,0.2615169222938877,0.32296307748423686,391.1222461129475,0.42230704984972295,0.2591111555598726,3.4626064303312775e-06,6.149734564053737e-05,8.950037024795241e-06,2.278584445962486e-06,0.14061520846303474,0.011023028484195866,0.011023028484195866,1.0,8.941620386053913,0.09898011134583191,0.011075964740252173,0.011076178221042924,493968509.5335374,0.10133749669297329,1.9273867437960376e-05,0.011023238292078442,-0.010179612674242897,0.00013850230856701835,2.1229797721412415e-05,0.01739481266755906,0.018372811797515733,8.941637674170908,0.0028162063294858448,0.04750114194998112,0.0028162063294858448,-0.047483853832986256,0.9971837936705141,0.19909976569673538,-0.1990804918292974,0.00013850230856701835,5.8389665599317774e-05,2.1229797721412415e-05,0.9179306851660463,8.950037024795241e-06,-5.332146635578364e-06,5.4279187472455135e-08,3.0,0.9179306851660463,0.05824369453354536,2.381001327673693e-06,0.0030262202697412845,0.18068769366289705,0.001506875524864403,0.18430748656199403,8.950037024795241e-06,3.4626064303312775e-06,0.42230704984972295,786.0,839.0,1000.0,0.9971837936705141,0.010198886541680857,-0.1990804918292974,-0.010179612674242897,-5.332146635578364e-06,5.4279187472455135e-08,5.8389665599317774e-05,8.941637674170908,8.941620386053913,-0.047483853832986256,0.04750114194998112,1.5893544879875577e-07,2.278584445962486e-06,0.14847186416435718,1652372.0930966623,6.57145086789769,2.381001327673693e-06,0.001506875524864403,0.0030262202697412845,0.18430748656199403,0.14061520846303474,3.0,-6.790242340144125e-07,3.5792644323707594e-07,5.793290558146712e-07,0.014617746843745043,0.0018198865602683135,-0.0003631128069873241,-2.600062354275127e-09,0.005787670984727809,0.005786089546427726,-3.0719079129172944e-06,-2.483708473146891e-06,-2.297418245770664e-06,6.283983231390633e-09,-9.171294448940394e-05,6.567733878891011e-05
14.0,0.00012644775392314819,9.49569885475066e-06,0.3360027120383774,0.22996610698322817,0.025800418154894374,0.9948592249660476,0.9999976743235601,0.08416585798923994,1.3843782803213997e-05,0.00032011983201241117,0.0003339426754848437,0.0003371924307312569,0.00037904896068337345,0.01610589948761061,0.09092580338925822,0.0,0.010942647612119358,1.6612539363856796e-07,6.569055462450812,0.261421594934267,0.3210660807694004,390.97967541165673,0.4391209255862241,0.2619552702801201,3.638295335943246e-06,6.170799346356185e-05,9.606421702070987e-06,2.4373164348099317e-06,0.1427618885061404,0.011019010403104958,0.011019010403104958,1.0,8.945245282381357,0.09890573523878807,0.011075964757423479,0.01107617847666506,496847890.4637747,0.10077295682789478,1.929539525136071e-05,0.011019219141743544,-0.010923352216867998,0.00013850289722850212,2.279751977416979e-05,0.017372859113078037,0.018359083506253284,8.94526378740757,0.0030218975750300275,0.05112636378437507,0.0030218975750300275,-0.051107858758161484,0.99697810242497,0.1990340885997849,-0.19901479320453352,0.00013850289722850212,5.836236796439159e-05,2.279751977416979e-05,0.9179306851660463,9.606421702070987e-06,-5.337986632829773e-06,5.830870811933284e-08,3.0,0.9179306851660463,0.058285771403370656,2.37759829156639e-06,0.0028100063996589803,0.1677781292423135,0.001507953480092987,0.17089469358881013,9.606421702070987e-06,3.638295335943246e-06,0.4391209255862241,786.0,839.0,1000.0,0.99697810242497,0.010942647612119358,-0.19901479320453352,-0.010923352216867998,-5.337986632829773e-06,5.830870811933284e-08,5.836236796439159e-05,8.94526378740757,8.945245282381357,-0.051107858758161484,0.05112636378437507,1.6612539363856796e-07,2.4373164348099317e-06,0.14847186416435718,1652372.0930966623,6.569055462450812,2.37759829156639e-06,0.001507953480092987,0.0028100063996589803,0.17089469358881013,0.1427618885061404,3.0,-9.002250730556264e-07,4.7474953134190493e-07,6.208198508087774e-07,0.014343124314760572,0.0018161022695850411,-0.0003624380448896121,-2.5895399330432608e-09,0.005751438300650988,0.005729401822740627,-3.911886705419705e-06,-3.1902360080884435e-06,-2.9560534465528943e-06,-3.6641206457580972e-09,-7.860324236668042e-05,6.56025092836128e-05
15.0,0.00012546718659136712,1.0012972520452541e-05,0.341704001635743,0.24417405430468175,0.027614632278579437,0.9944971237796552,0.9999976717393038,0.08989927451879667,1.4489171910006898e-05,0.0003159392393891933,0.00033052296034921793,0.0003340221461046422,0.0003790402163649805,0.01603306333569088,0.090991368519317,0.0,0.01168068066992169,1.7387006292008278e-07,6.5666645083170625,0.2613264447187402,0.31873139664611216,390.83736964540446,0.4593979182386481,0.265421532567335,3.8390227685188005e-06,6.196565428002142e-05,1.0257766100459592e-05,2.624389316568181e-06,0.145130943706416,0.011014999788698712,0.011014999788698712,1.0,8.948866080161867,0.09883193193300784,0.011075964774524985,0.011076178731248144,499710216.3732462,0.10021741060498143,1.931683555774132e-05,0.011015207475165824,-0.011661363834363949,0.00013850348135049643,2.4357201425463522e-05,0.017351048903906558,0.018345460817128945,8.948885787486326,0.0032262299835985804,0.054747487018884655,0.0032262299835985804,-0.054727779694426104,0.9967737700164014,0.1989688554324373,-0.19894953859687955,0.00013850348135049643,5.8329209952153715e-05,2.4357201425463522e-05,0.9179306851660463,1.0257766100459592e-05,-5.3441908639348635e-06,6.232055406462825e-08,3.0,0.9179306851660463,0.05832780033289551,2.399459087548814e-06,0.002624740977560211,0.1567164156687105,0.001509030191947531,0.15943224722602245,1.0257766100459592e-05,3.8390227685188005e-06,0.4593979182386481,786.0,839.0,1000.0,0.9967737700164014,0.01168068066992169,-0.19894953859687955,-0.011661363834363949,-5.3441908639348635e-06,6.232055406462825e-08,5.8329209952153715e-05,8.948885787486326,8.948866080161867,-0.054727779694426104,0.054747487018884655,1.7387006292008278e-07,2.624389316568181e-06,0.14847186416435718,1652372.0930966623,6.5666645083170625,2.399459087548814e-06,0.001509030191947531,0.002624740977560211,0.15943224722602245,0.145130943706416,3.0,-1.0512816032502608e-06,5.54729352580828e-07,6.712191809409878e-07,0.014073614683809159,0.0018123275875697271,-0.0003617645366829221,-2.578985887450062e-09,0.005715432444845372,0.005673269482451922,-4.419410532845923e-06,-3.6184852390879827e-06,-3.356032946309843e-06,-1.3801023461895566e-08,-6.73589960571697e-05,6.552776503534581e-05
16.0,0.00012435990940886694,1.0597437418432669e-05,0.347349434315985,0.25811500909789264,0.029425076533923962,0.9941356954754949,0.9999976691656062,0.095596798014793,1.5188115096967653e-05,0.000311361536749328,0.00032676861290889563,0.00033053947597712574,0.00037902154088161397,0.015970650008136685,0.09105685894771556,0.0,0.012413009892943862,1.8225738116361185e-07,6.564277997224692,0.26123147131812546,0.3160950224020641,390.69532832186945,0.4817241871297039,0.269323815627072,4.054533422336441e-06,6.225696123717542e-05,1.0904149137188487e-05,2.8281473011725826e-06,0.14746878001747357,0.011010996627102,0.011010996627102,1.0,8.952482780094734,0.09875869901070562,0.011075964791556618,0.011076178984791052,502555476.03481007,0.09967067074848295,1.9338188262206026e-05,0.011011203278119788,-0.012393671704681655,0.00013850406095226357,2.590865338471345e-05,0.017329381348253636,0.01833194328700447,8.95250367538426,0.003429184395213656,0.05836451233371065,0.003429184395213656,-0.05834361704418356,0.9965708156047863,0.1989040721102056,-0.1988847339219434,0.00013850406095226357,5.8292066141145366e-05,2.590865338471345e-05,0.9179306851660463,1.0904149137188487e-05,-5.3506511226540625e-06,6.631421342046079e-08,3.0,0.9179306851660463,0.058369781376740745,2.4461477959651437e-06,0.0024660087835406326,0.14723893171480745,0.001510105661879623,0.1496337041879778,1.0904149137188487e-05,4.054533422336441e-06,0.4817241871297039,786.0,839.0,1000.0,0.9965708156047863,0.012413009892943862,-0.1988847339219434,-0.012393671704681655,-5.3506511226540625e-06,6.631421342046079e-08,5.8292066141145366e-05,8.95250367538426,8.952482780094734,-0.05834361704418356,0.05836451233371065,1.8225738116361185e-07,2.8281473011725826e-06,0.14847186416435718,1652372.0930966623,6.564277997224692,2.4461477959651437e-06,0.001510105661879623,0.0024660087835406326,0.1496337041879778,0.14746878001747357,3.0,-1.1571086746788946e-06,6.1096269570874e-07,7.274676495639174e-07,0.013809123581678913,0.0018085625320625124,-0.0003610922800371839,-2.568404245713177e-09,0.005679651997290514,0.005617687084316815,-4.705916291586082e-06,-3.864850528697802e-06,-3.585659236977331e-06,-2.3438308655909644e-08,-5.7714561539540666e-05,6.545310594697144e-05
17.0,0.00012316216202616076,1.1230074149700698e-05,0.35293955732236815,0.27179394341886853,0.031231760556240218,0.993774938803169,0.9999976666024762,0.10125865317909145,1.5945329654961766e-05,0.00030656978715784257,0.0003228342595309767,0.0003268885243463886,0.000378993641813541,0.015917177199975797,0.09112227475956523,0.0,0.013139660562383679,1.913439558595412e-07,6.561895920917324,0.2611366744038527,0.31324324291943034,390.55355094964546,0.5051694147636723,0.2735334029300891,4.277923684332152e-06,6.257268507964964e-05,1.1545622887108953e-05,3.0406986115589e-06,0.14964997988521597,0.011007000904465481,0.011007000904465481,1.0,8.956095382891613,0.09868603394376163,0.011075964808518317,0.011076179237292904,505383663.52137804,0.09913255441723093,1.9359453291001552e-05,0.011007206536413827,-0.013120301109092677,0.00013850463605372246,2.7451691056644514e-05,0.017307855732534873,0.0183185304573988,8.956117452084692,0.0036307422845628964,0.06197744042206388,0.0036307422845628964,-0.061955371228984646,0.996369257715437,0.1988397443436843,-0.19882038489039328,0.00013850463605372246,5.82522327201222e-05,2.7451691056644514e-05,0.9179306851660463,1.1545622887108953e-05,-5.3572844925752205e-06,7.028918566965967e-08,3.0,0.9179306851660463,0.05841171458946489,2.51589546614752e-06,0.00233003050842342,0.13912002471889054,0.0015111798913391163,0.14125606242500574,1.1545622887108953e-05,4.277923684332152e-06,0.5051694147636723,786.0,839.0,1000.0,0.996369257715437,0.013139660562383679,-0.19882038489039328,-0.013120301109092677,-5.3572844925752205e-06,7.028918566965967e-08,5.82522327201222e-05,8.956117452084692,8.956095382891613,-0.061955371228984646,0.06197744042206388,1.913439558595412e-07,3.0406986115589e-06,0.14847186416435718,1652372.0930966623,6.561895920917324,2.51589546614752e-06,0.0015111798913391163,0.00233003050842342,0.14125606242500574,0.14964997988521597,3.0,-1.2345429841687517e-06,6.522970831826976e-07,7.874671111315154e-07,0.013549558377345831,0.001804807119687698,-0.0003604212726266579,-2.5578519434357565e-09,0.00564409554685872,0.005562649240423565,-4.856847860263792e-06,-3.991391036896183e-06,-3.7043222852918364e-06,-3.220029852935164e-08,-4.944242923650366e-05,6.53785319214628e-05
18.0,0.00012189616027806643,1.1899234008347304e-05,0.35847491253643726,0.28521573749370355,0.03303469399199128,0.9934148525146036,0.9999976640499184,0.10688506330679268,1.6763781638566953e-05,0.0003016818313496259,0.0003188191946894194,0.00032316179284695484,0.0003789574974623975,0.015871373527458002,0.09118761603988046,0.0,0.013860659012604346,2.0116537966280345e-07,6.5595182711539275,0.2610420536479624,0.3102289530430153,390.4120370382392,0.5291278624129161,0.27796528793825154,4.504576376296252e-06,6.290674952677972e-05,1.2182216287731843e-05,3.2569486181515842e-06,0.1516273024305276,0.011003012606965547,0.011003012606965547,1.0,8.959703889276314,0.09861393409873957,0.011075964825410057,0.011076179488753269,508194778.04785824,0.0986028830917305,1.938063060733554e-05,0.011003217235890154,-0.01384127838199701,0.00013850520667607453,2.8986153169282484e-05,0.017286471322460924,0.01830522183977213,8.959727118577126,0.003830888215532952,0.06558627199013323,0.003830888215532952,-0.06556304268932145,0.9961691117844671,0.19877587685557188,-0.19875649622496455,0.00013850520667607453,5.821056608825984e-05,2.8986153169282484e-05,0.9179306851660463,1.2182216287731843e-05,-5.364029777755755e-06,7.424502940323895e-08,3.0,0.9179306851660463,0.05845360002556439,2.606256344006198e-06,0.002213566153901313,0.13216624286006487,0.001512252881774133,0.13409260324773645,1.2182216287731843e-05,4.504576376296252e-06,0.5291278624129161,786.0,839.0,1000.0,0.9961691117844671,0.013860659012604346,-0.19875649622496455,-0.01384127838199701,-5.364029777755755e-06,7.424502940323895e-08,5.821056608825984e-05,8.959727118577126,8.959703889276314,-0.06556304268932145,0.06558627199013323,2.0116537966280345e-07,3.2569486181515842e-06,0.14847186416435718,1652372.0930966623,6.5595182711539275,2.606256344006198e-06,0.001512252881774133,0.002213566153901313,0.13409260324773645,0.1516273024305276,3.0,-1.2948897309237884e-06,6.846751251783765e-07,8.497851101514265e-07,0.01329482809923728,0.0018010613612719295,-0.0003597515121299262,-2.5472756117958517e-09,0.005608761691256756,0.005508150615649522,-4.909163228382101e-06,-4.031112863107779e-06,-3.7420941179238274e-06,-3.9924466271634146e-08,-4.234746243177358e-05,6.530404286190345e-05
19.0,0.00012057503881708086,1.2598039066645798e-05,0.3639560365316217,0.29838518148024357,0.034833886501654816,0.9930554353640437,0.999997661507935,0.11247625029525042,1.7645270507764105e-05,0.0002967781157144649,0.00031479153554774084,0.00031942281578895346,0.0003789141750605906,0.015832147390389805,0.09125288287357876,0.0,0.014576032584730954,2.1174324609316927e-07,6.5571450397087805,0.2609476087231045,0.3070834257549544,390.2707860980692,0.5532013707931223,0.2825581559979917,4.731419383045389e-06,6.325476766922069e-05,1.2813939270643072e-05,3.4734601809094633e-06,0.15338954234252156,0.010999031720804282,0.010999031720804282,1.0,8.963308299984986,0.09854239674152691,0.01107596484223182,0.011076179739171913,510988823.8251028,0.0980814824624138,1.940172019179977e-05,0.01099923536242434,-0.014556630864539155,0.00013850577284101127,3.051186746857687e-05,0.01726522736404443,0.018292016934150866,8.963332675857561,0.004029605300772819,0.0691910077570288,0.004029605300772819,-0.06916663188445327,0.9959703946992272,0.1987124748300183,-0.1986930731098265,0.00013850577284101127,5.816768061299471e-05,3.051186746857687e-05,0.9179306851660463,1.2813939270643072e-05,-5.3708358243418666e-06,7.81812745289874e-08,3.0,0.9179306851660463,0.05849543773947356,2.7145623485235456e-06,0.0021138350236275536,0.12621155803565184,0.0015133246346310644,0.12796709349734683,1.2813939270643072e-05,4.731419383045389e-06,0.5532013707931223,786.0,839.0,1000.0,0.9959703946992272,0.014576032584730954,-0.1986930731098265,-0.014556630864539155,-5.3708358243418666e-06,7.81812745289874e-08,5.816768061299471e-05,8.963332675857561,8.963308299984986,-0.06916663188445327,0.0691910077570288,2.1174324609316927e-07,3.4734601809094633e-06,0.14847186416435718,1652372.0930966623,6.5571450397087805,2.7145623485235456e-06,0.0015133246346310644,0.0021138350236275536,0.12796709349734683,0.15338954234252156,3.0,-1.3457488003626035e-06,7.120944738452314e-07,9.134146439401222e-07,0.013044843487194997,0.0017973252703294602,-0.0003590829962298848,-2.536696414609605e-09,0.005573649036969242,0.005454185927133357,-4.88647251916911e-06,-4.014784942571155e-06,-3.7270843355925774e-06,-4.656362479868345e-08,-3.6262118172143294e-05,6.52296386714874e-05
20.0,0.00011920573535178879,1.3322871658878884e-05,0.36938346062474325,0.3113069771465208,0.03662934776237972,0.9926966861080494,0.9999976589765254,0.1180324346527354,1.8590749961672072e-05,0.00029191470516273246,0.00031079876537892125,0.0003157159011717863,0.0003788647467062199,0.015798562291963764,0.09131807534548095,0.0,0.015285809579566632,2.2308899954006486e-07,6.55477621837145,0.2608533393025373,0.3038231794090209,390.12979764046344,0.5771283973547434,0.28726568286476134,4.956431914331984e-06,6.361341088863983e-05,1.3440784213157672e-05,3.687851844648768e-06,0.15494397185947853,0.010995058232209408,0.010995058232209408,1.0,8.966908615765997,0.09847141904204335,0.011075964858983609,0.011076179988548903,513765809.9086437,0.0975681823220741,1.9422722050044268e-05,0.010995260901925175,-0.015266386857516587,0.00013850633457101094,3.202863897013512e-05,0.017244123084618892,0.018278915222045094,8.966934124928525,0.00422687365329443,0.0727916484547464,0.00422687365329443,-0.07276613929221831,0.9957731263467056,0.1986495444062515,-0.19863012168420144,0.00013850633457101094,5.8124035706301645e-05,3.202863897013512e-05,0.9179306851660463,1.3440784213157672e-05,-5.377656997351096e-06,8.209739210859288e-08,3.0,0.9179306851660463,0.05853722778556471,2.8381332344502442e-06,0.002028452360889201,0.1211135826624617,0.001514395151354574,0.12272925436833577,1.3440784213157672e-05,4.956431914331984e-06,0.5771283973547434,786.0,839.0,1000.0,0.9957731263467056,0.015285809579566632,-0.19863012168420144,-0.015266386857516587,-5.377656997351096e-06,8.209739210859288e-08,5.8124035706301645e-05,8.966934124928525,8.966908615765997,-0.07276613929221831,0.0727916484547464,2.2308899954006486e-07,3.687851844648768e-06,0.14847186416435718,1652372.0930966623,6.55477621837145,2.8381332344502442e-06,0.001514395151354574,0.002028452360889201,0.12272925436833577,0.15494397185947853,3.0,-1.3922011868287945e-06,7.372306139214366e-07,9.776347993631439e-07,0.012799516990043456,0.0017935988659526893,-0.0003584157226137354,-2.526129362764515e-09,0.005538756199204236,0.005400749943767947,-4.823325528452905e-06,-3.963153203599603e-06,-3.6794782505337957e-06,-5.213610694518703e-08,-3.1042659286822454e-05,6.51553192535189e-05
21.0,0.00011779081550598663,1.4072419244351908e-05,0.37475771092685956,0.3239857395256383,0.038421087471712634,0.9923386035054912,0.9999976564556856,0.1235538355070063,1.9600536152437197e-05,0.00028712769292142334,0.00030687138989405943,0.00031206951172444114,0.00037881024737895785,0.01576981551734473,0.0913831935403111,0.0,0.015990019212442287,2.3520643382924637e-07,6.552411798946758,0.2607592450601261,0.30045432263330146,389.98907117765805,0.600737600928198,0.2920549956837027,5.178265930589118e-06,6.398031381786725e-05,1.406272613768041e-05,3.89859137278628e-06,0.15630742102554993,0.010991092127434238,0.010991092127434238,1.0,8.970504837379886,0.09840099807875578,0.011075964875665452,0.011076180236884621,516525750.05246544,0.09706281646059599,1.9443636214186792e-05,0.010991293840334428,-0.0159705755762281,0.0001385068918893951,3.353626066106319e-05,0.017223157693814745,0.01826591616529378,8.970531466799178,0.00442267180626354,0.07638819482812487,0.00442267180626354,-0.07636156540883299,0.9955773281937365,0.1985870922251044,-0.1985676485888902,0.0001385068918893951,5.807995436662738e-05,3.353626066106319e-05,0.9179306851660463,1.406272613768041e-05,-5.384453508596607e-06,8.599282169572868e-08,3.0,0.9179306851660463,0.05857897021814814,2.9743815526053696e-06,0.001955374691514289,0.1167503062447998,0.0015154644333875977,0.11825094032046829,1.406272613768041e-05,5.178265930589118e-06,0.600737600928198,786.0,839.0,1000.0,0.9955773281937365,0.015990019212442287,-0.1985676485888902,-0.0159705755762281,-5.384453508596607e-06,8.599282169572868e-08,5.807995436662738e-05,8.970531466799178,8.970504837379886,-0.07636156540883299,0.07638819482812487,2.3520643382924637e-07,3.89859137278628e-06,0.14847186416435718,1652372.0930966623,6.552411798946758,2.9743815526053696e-06,0.0015154644333875977,0.001955374691514289,0.11825094032046829,0.15630742102554993,3.0,-1.437686625491268e-06,7.618980045287656e-07,1.041925566348777e-06,0.012558762708093436,0.0017898821701501843,-0.0003577496889729771,-2.5155579799112163e-09,0.005504081801839415,0.005347837485699783,-4.736660432752268e-06,-3.887844584616362e-06,-3.6096910650446408e-06,-5.670665729386154e-08,-2.6565881916519743e-05,6.508108451141253e-05
22.0,0.00011632986129462842,1.4846945807874123e-05,0.38007930839434173,0.3364259985492926,0.04020911534993978,0.9919811863175464,0.9999976539454094,0.1290406706139635,2.067448372791158e-05,0.00028244047382061123,0.0003030291386327239,0.0003085020609739687,0.0003787516409829218,0.015745218830603473,0.09144823754269689,0.0,0.01668869156985576,2.4809380473493896e-07,6.550051773254759,0.26066532567034245,0.29697586022530575,389.84860622279575,0.6239135600345023,0.29690177184059907,5.395998962922427e-06,6.435371977298859e-05,1.4679723080435838e-05,4.104691755933595e-06,0.1574996845656345,0.010987133392757635,0.010987133392757635,1.0,8.974096965599387,0.09833113084301442,0.01107596489227739,0.011076180484179693,519268662.5673766,0.09656522256203441,1.9464462737018125e-05,0.010987334163626586,-0.01666922710711874,0.00013850744482008244,3.5034502961059774e-05,0.017202330384495708,0.018253019211635798,8.974124702485465,0.0046169753290085614,0.07998064763478929,0.0046169753290085614,-0.07995291074871069,0.9953830246709915,0.19852512587005994,-0.19850566140732293,0.00013850744482008244,5.803567234270398e-05,3.5034502961059774e-05,0.9179306851660463,1.4679723080435838e-05,-5.391188425937317e-06,8.986694424921914e-08,3.0,0.9179306851660463,0.05862066509147236,3.1208975426955333e-06,0.0018928504205945455,0.11301714563405271,0.0015165324821713503,0.11442276897592263,1.4679723080435838e-05,5.395998962922427e-06,0.6239135600345023,786.0,839.0,1000.0,0.9953830246709915,0.01668869156985576,-0.19850566140732293,-0.01666922710711874,-5.391188425937317e-06,8.986694424921914e-08,5.803567234270398e-05,8.974124702485465,8.974096965599387,-0.07995291074871069,0.07998064763478929,2.4809380473493896e-07,4.104691755933595e-06,0.14847186416435718,1652372.0930966623,6.550051773254759,3.1208975426955333e-06,0.0015165324821713503,0.0018928504205945455,0.11442276897592263,0.1574996845656345,3.0,-1.484602675178429e-06,7.87364486593596e-07,1.1058940434718257e-06,0.01232249638847577,0.0017861752104303666,-0.00035708489300339977,-2.504991132763496e-09,0.005469624477367724,0.005295443423826091,-4.631131497927272e-06,-3.7947003693951695e-06,-3.5233637942169943e-06,-6.036257144168267e-08,-2.272615282065396e-05,6.500693434869273e-05
23.0,0.00011482030963403873,1.564784999594001e-05,0.38534876887949093,0.34863220074171564,0.0419934411522309,0.991624433307694,0.9999976514456878,0.13449315636627773,2.1812076095261826e-05,0.0002778691644449256,0.0002992856094549663,0.0003050262492166701,0.0003786898054545402,0.015724182894262147,0.09151320743716948,0.0,0.017381857572432262,2.6174491314314194e-07,6.547696133130703,0.26057158080826265,0.2933816896048541,389.70840228992375,0.646575574127958,0.30178619237709087,5.608991640213127e-06,6.473218226118775e-05,1.529171533277281e-05,4.305479821277851e-06,0.15853983803730917,0.010983182014483953,0.010983182014483953,1.0,8.977685001209398,0.09826181424275678,0.011075964908819482,0.011076180730435,521994570.2019229,0.09607524210103059,1.9485201692785144e-05,0.010983381857808608,-0.017362372370739478,0.0001385079933876212,3.652309858384646e-05,0.017181640333560802,0.01824022379409826,8.977713833010217,0.00480975484179393,0.08356900764512076,0.00480975484179393,-0.08354017584430196,0.9951902451582061,0.19846365449962255,-0.19844416929792977,0.0001385079933876212,5.799137773961621e-05,3.652309858384646e-05,0.9179306851660463,1.529171533277281e-05,-5.397824743302234e-06,9.371904318520462e-08,3.0,0.9179306851660463,0.058662312459724024,3.275486363649638e-06,0.0018393799829188285,0.10982456571534212,0.0015175992991453226,0.11115143067210326,1.529171533277281e-05,5.608991640213127e-06,0.646575574127958,786.0,839.0,1000.0,0.9951902451582061,0.017381857572432262,-0.19844416929792977,-0.017362372370739478,-5.397824743302234e-06,9.371904318520462e-08,5.799137773961621e-05,8.977713833010217,8.977685001209398,-0.08354017584430196,0.08356900764512076,2.6174491314314194e-07,4.305479821277851e-06,0.14847186416435718,1652372.0930966623,6.547696133130703,3.275486363649638e-06,0.0015175992991453226,0.0018393799829188285,0.11115143067210326,0.15853983803730917,3.0,-1.5346577070842763e-06,8.145362593556775e-07,1.1692264038885695e-06,0.012090635430588373,0.0017824780234911735,-0.0003564213324050744,-2.4944389303410957e-09,0.005435382866843191,0.005243562679296474,-4.508697009099607e-06,-3.6880960171184967e-06,-3.424462918650736e-06,-6.319721424861026e-08,-1.9433018043354644e-05,6.493286866899398e-05
24.0,0.00011325847294676291,1.6477129745258826e-05,0.3905666031810759,0.3606087108562269,0.04377407467434167,0.991268343241711,0.9999976489565092,0.13991150780197786,2.301255036652193e-05,0.000273426593788271,0.0002956517132143126,0.0003016522863009232,0.0003786255136733203,0.01570620031325709,0.09157810330816381,0.0,0.01806954893769137,2.7615060439826315e-07,6.5453448704250174,0.260478010149567,0.28966303082562594,389.56845889399244,0.6686575630918283,0.3066895430872861,5.816750458034862e-06,6.511430761656356e-05,1.589862678492672e-05,4.500429814957945e-06,0.15944444278703251,0.010979237978943002,0.010979237978943002,1.0,8.981268945006946,0.09819304510623086,0.011075964925291804,0.011076180975651674,524703500.0204954,0.09559272024290641,1.9505853176720967e-05,0.01097943690891971,-0.01805004308451465,0.00013850853761716235,3.8001730953873165e-05,0.017161086702748518,0.018227529331552222,8.981298859403264,0.0050009745069003655,0.0871532756422102,0.0050009745069003655,-0.08712336124589193,0.9949990254930996,0.1984026893273141,-0.1983831834741374,0.00013850853761716235,5.794724321305708e-05,3.8001730953873165e-05,0.9179306851660463,1.589862678492672e-05,-5.404323635981285e-06,9.754827447212306e-08,3.0,0.9179306851660463,0.05870391237702808,3.4362158166993384e-06,0.0017936725637249854,0.10709549531686621,0.001518664885747288,0.10835685741643053,1.589862678492672e-05,5.816750458034862e-06,0.6686575630918283,786.0,839.0,1000.0,0.9949990254930996,0.01806954893769137,-0.1983831834741374,-0.01805004308451465,-5.404323635981285e-06,9.754827447212306e-08,5.794724321305708e-05,8.981298859403264,8.981268945006946,-0.08712336124589193,0.0871532756422102,2.7615060439826315e-07,4.500429814957945e-06,0.14847186416435718,1652372.0930966623,6.5453448704250174,3.4362158166993384e-06,0.001518664885747288,0.0017936725637249854,0.10835685741643053,0.15944444278703251,3.0,-1.5892210585157862e-06,8.441421025983675e-07,1.2316353314309476e-06,0.01186309888370952,0.0017787906580310773,-0.0003557590048823459,-2.483924906390581e-09,0.005401355619826993,0.005192190223015358,-4.369494564135041e-06,-3.5744498705111144e-06,-3.318619031469623e-06,-6.529688082600994e-08,-1.660860044128741e-05,6.485888737606043e-05
25.0,0.0001116394003268116,1.7337455897409722e-05,0.3957333170933994,0.37235981351477954,0.04555102576794923,0.9909129148876679,0.9999976464778588,0.14529593861288678,2.4274863980179522e-05,0.00026912230534044786,0.00029213538290584126,0.0002983875711985173,0.0003785594565515736,0.015690836400983472,0.09164292524001848,0.0,0.01875179814655241,2.912983677621543e-07,6.542997977003271,0.26038461337053836,0.28580809601621804,389.42877555085346,0.690107792875194,0.311594674439029,6.018916830167557e-06,6.549879243350112e-05,1.6500360555186874e-05,4.689141219507031e-06,0.16022889531393314,0.010975301272489992,0.010975301272489992,1.0,8.984848797801064,0.09812482018534477,0.011075964941694454,0.011076181219831187,527395483.2941675,0.09511750574477609,1.9526417313032264e-05,0.010975499303031227,-0.018732271729239375,0.00013850907753477259,3.947002834455089e-05,0.017140668639361038,0.018214935221416054,8.984879782701455,0.00519059127588919,0.09073345242181219,0.00519059127588919,-0.09070246752142097,0.9948094087241108,0.19834224386025068,-0.19832271744293764,0.00013850907753477259,5.7903422301585544e-05,3.947002834455089e-05,0.9179306851660463,1.6500360555186874e-05,-5.410643878083033e-06,1.013536513543969e-07,3.0,0.9179306851660463,0.05874546489744774,3.6013586210659793e-06,0.0017546224970046663,0.10476391801443809,0.0015197292434133004,0.10597064628611808,1.6500360555186874e-05,6.018916830167557e-06,0.690107792875194,786.0,839.0,1000.0,0.9948094087241108,0.01875179814655241,-0.19832271744293764,-0.018732271729239375,-5.410643878083033e-06,1.013536513543969e-07,5.7903422301585544e-05,8.984879782701455,8.984848797801064,-0.09070246752142097,0.09073345242181219,2.912983677621543e-07,4.689141219507031e-06,0.14847186416435718,1652372.0930966623,6.542997977003271,3.6013586210659793e-06,0.0015197292434133004,0.0017546224970046663,0.10597064628611808,0.16022889531393314,3.0,-1.649333249594282e-06,8.767381495609872e-07,1.2928656946473437e-06,0.011639807430414496,0.0017751131761280221,-0.00035509790814382573,-2.473390071667256e-09,0.005367541394334485,0.005141321075158891,-4.2222302622021765e-06,-3.4536761965537894e-06,-3.206368828558747e-06,-6.674297726889373e-08,-1.418618243244585e-05,6.478499037374612e-05
26.0,0.00010995711017157095,1.8232050644380475e-05,0.40084941145517033,0.38388971482328055,0.04732430435444365,0.9905581470159245,0.9999976440097206,0.15064666115302386,2.5597721404793283e-05,0.0002649635690620098,0.00028874269491966856,0.0002952377803264448,0.0003784922474530149,0.015677718920771834,0.09170767331697616,0.0,0.01942863841144947,3.071726568575194e-07,6.540655444746149,0.260291390148061,0.28180264326564514,389.28935177725833,0.7108835418771791,0.3164853093340263,6.215225930206062e-06,6.58843715243431e-05,1.7096796123389876e-05,4.87131405508218e-06,0.16090639034433965,0.010971371881505492,0.010971371881505492,1.0,8.98842456041298,0.09805713615885506,0.01107596495802754,0.011076181462975117,530070555.3960452,0.09464945085904598,1.95468942343828e-05,0.010971569026246164,-0.019409091517215087,0.00013850961316661342,4.092755473425649e-05,0.01712038527695312,0.018202440858827055,8.988456603948965,0.005378553715622409,0.09430953879230408,0.005378553715622409,-0.09427749525631945,0.9946214462843775,0.19828233427180947,-0.19826278737757508,0.00013850961316661342,5.786005620944428e-05,4.092755473425649e-05,0.9179306851660463,1.7096796123389876e-05,-5.416740939160815e-06,1.0513402061321785e-07,3.0,0.9179306851660463,0.058786970074984714,3.769381367462736e-06,0.0017212830944677278,0.1027733095274315,0.001520792373577701,0.10393436151729595,1.7096796123389876e-05,6.215225930206062e-06,0.7108835418771791,786.0,839.0,1000.0,0.9946214462843775,0.01942863841144947,-0.19826278737757508,-0.019409091517215087,-5.416740939160815e-06,1.0513402061321785e-07,5.786005620944428e-05,8.988456603948965,8.98842456041298,-0.09427749525631945,0.09430953879230408,3.071726568575194e-07,4.87131405508218e-06,0.14847186416435718,1652372.0930966623,6.540655444746149,3.769381367462736e-06,0.001520792373577701,0.0017212830944677278,0.10393436151729595,0.16090639034433965,3.0,-1.715802711324561e-06,9.127585318599201e-07,1.352682387387088e-06,0.011420683378322513,0.0017714456554089762,-0.00035443803990238304,-2.4628963649607222e-09,0.005333938856782424,0.005090950304693776,-4.073181011111471e-06,-3.3275259168814245e-06,-3.089157274942021e-06,-6.761118299468839e-08,-1.2108631484808775e-05,6.471117756601435e-05
27.0,0.0001082050709250246,1.9164434705805133e-05,0.4059153821989779,0.3952025440167488,0.049093920438467685,0.9902040383991252,0.9999976415520748,0.1559638864470872,2.6979619335700994e-05,0.0002609568632975325,0.00028547904112837273,0.00029220794831706474,0.0003784244217541914,0.01566652616680803,0.09177234762318341,0.0,0.02010010364857326,3.2375543202841196e-07,6.5383172655494235,0.2601983401596199,0.27763112125005857,389.1501870908562,0.7309444594427892,0.3213445933446378,6.405464732354115e-06,6.6269704055705e-05,1.768778799770536e-05,5.04668039151901e-06,0.16148816555856482,0.010967449792395374,0.010967449792395374,1.0,8.99199623367586,0.09798998963514267,0.011075964974291192,0.011076181705085397,532728755.7111993,0.09418841123764081,1.956728410350619e-05,0.010967646064699226,-0.020080536364469753,0.0001385101445397955,4.2373798542021674e-05,0.01710023573593325,0.01819004561666754,8.992029324197174,0.005564800549387924,0.09788153557465051,0.005564800549387924,-0.09784844505333545,0.9944351994506121,0.19822297986481444,-0.19820341258071092,0.0001385101445397955,5.781728701338517e-05,4.2373798542021674e-05,0.9179306851660463,1.768778799770536e-05,-5.422565978958906e-06,1.0888803332922084e-07,3.0,0.9179306851660463,0.05882842796357911,3.938945614521588e-06,0.0016928362809110903,0.10107482472610978,0.0015218542776731152,0.10219760791166403,1.768778799770536e-05,6.405464732354115e-06,0.7309444594427892,786.0,839.0,1000.0,0.9944351994506121,0.02010010364857326,-0.19820341258071092,-0.020080536364469753,-5.422565978958906e-06,1.0888803332922084e-07,5.781728701338517e-05,8.992029324197174,8.99199623367586,-0.09784844505333545,0.09788153557465051,3.2375543202841196e-07,5.04668039151901e-06,0.14847186416435718,1652372.0930966623,6.5383172655494235,3.938945614521588e-06,0.0015218542776731152,0.0016928362809110903,0.10219760791166403,0.16148816555856482,3.0,-1.7893163435945041e-06,9.525734840489491e-07,1.4108505955449284e-06,0.011205650656613244,0.0017677881917527098,-0.00035377939787513635,-2.4524047557517113e-09,0.005300546681935707,0.005041073028890172,-3.932346632405704e-06,-3.1975491965427703e-06,-2.968423554074288e-06,-6.796718126127356e-08,-1.032657072929294e-05,6.463744885693809e-05
28.0,0.00010637587575181171,2.013859759675108e-05,0.41093172039788967,0.4063023550475828,0.05085988413291943,0.9898505878121956,0.9999976391049004,0.1612478241986008,2.841878868904977e-05,0.0002571029378270688,0.00028234517216060574,0.00028929882101034603,0.0003783564597567521,0.015656984895731755,0.09183694824269098,0.0,0.02076622845129837,3.4102546426859726e-07,6.535983431323928,0.2601054630832992,0.2732758946471707,389.0112810101929,0.7502567620147629,0.32616148934572387,6.5894194347897455e-06,6.665388340545645e-05,1.8273158542948327e-05,5.21523663730522e-06,0.16198458068744806,0.010963534991590774,0.010963534991590774,1.0,8.99556381843494,0.09792337715487016,0.011075964990485548,0.01107618194616412,535370127.5497265,0.09373424583882431,1.958758709691803e-05,0.010963730404556407,-0.020746640864201454,0.00013851067168172866,4.3808197803073594e-05,0.017080219124138596,0.01817774886077124,8.995597944504945,0.005749263995608137,0.10144944360235186,0.005749263995608137,-0.10141531753234645,0.9942507360043918,0.19816420200578433,-0.19814461441868741,0.00013851067168172866,5.777520168503515e-05,4.3808197803073594e-05,0.9179306851660463,1.8273158542948327e-05,-5.428069536378121e-06,1.1261420925714936e-07,3.0,0.9179306851660463,0.0588698386171096,4.108850608119852e-06,0.001668587285251786,0.09962698064710099,0.0015229149571304593,0.10071765410100778,1.8273158542948327e-05,6.5894194347897455e-06,0.7502567620147629,786.0,839.0,1000.0,0.9942507360043918,0.02076622845129837,-0.19814461441868741,-0.020746640864201454,-5.428069536378121e-06,1.1261420925714936e-07,5.777520168503515e-05,8.995597944504945,8.99556381843494,-0.10141531753234645,0.10144944360235186,3.4102546426859726e-07,5.21523663730522e-06,0.14847186416435718,1652372.0930966623,6.535983431323928,4.108850608119852e-06,0.0015229149571304593,0.001668587285251786,0.10071765410100778,0.16198458068744806,3.0,-1.8704973882068145e-06,9.965207757852599e-07,1.4671639282374868e-06,0.010994634723892331,0.0017641408929996534,-0.0003531219797834473,-2.4419431277414305e-09,0.0052673635528562015,0.004991684412862903,-3.7647623956343756e-06,-3.068787389144107e-06,-2.8484514901418885e-06,-6.788442626529326e-08,-8.79806150640807e-06,6.456380415069946e-05
29.0,0.00010446158352851984,2.1158820560763173e-05,0.4158989123137991,0.41719312812369713,0.052622205669110286,0.989497794032338,0.9999976366681733,0.1664986827982781,2.991326632553988e-05,0.00025340696474881,0.00027934506765361835,0.0002865140596306136,0.00037828877890957796,0.015648860481261982,0.09190147525945384,0.0,0.02142704806273606,3.5895919590647854e-07,6.533653933995527,0.26001275859778117,0.2687180560202853,388.87263305470884,0.7687898416944667,0.3309185964954091,6.767005903280894e-06,6.703547053334513e-05,1.8852694196983946e-05,5.37674398274646e-06,0.16240458433281724,0.010959627465548048,0.010959627465548048,1.0,8.999127315547414,0.09785729519372639,0.01107596500661077,0.011076182186213635,537994718.0548153,0.09328681683781805,1.9607803412276733e-05,0.010959822032014892,-0.021407440259323784,0.00013851119462041008,4.523005354734186e-05,0.017060334537426964,0.018165549943184922,8.999162465938616,0.005931858424142832,0.1050132637214034,0.005931858424142832,-0.10497811333020124,0.9940681415758572,0.198106027737598,-0.19808641993418571,0.00013851119462041008,5.7733939941156305e-05,4.523005354734186e-05,0.9179306851660463,1.8852694196983946e-05,-5.433191098099289e-06,1.1631071385005032e-07,3.0,0.9179306851660463,0.05891120208939349,4.278052726055133e-06,0.0016479395797195375,0.09839416017816284,0.0015239744133789402,0.09945786376273329,1.8852694196983946e-05,6.767005903280894e-06,0.7687898416944667,786.0,839.0,1000.0,0.9940681415758572,0.02142704806273606,-0.19808641993418571,-0.021407440259323784,-5.433191098099289e-06,1.1631071385005032e-07,5.7733939941156305e-05,8.999162465938616,8.999127315547414,-0.10497811333020124,0.1050132637214034,3.5895919590647854e-07,5.37674398274646e-06,0.14847186416435718,1652372.0930966623,6.533653933995527,4.278052726055133e-06,0.0015239744133789402,0.0016479395797195375,0.09945786376273329,0.16240458433281724,3.0,-1.9596902464373685e-06,1.0447890112496585e-06,1.5214097041769045e-06,0.010787562751555395,0.0017605039001456167,-0.0003524657833529121,-2.431511307837003e-09,0.0052343881608502285,0.004942779669095465,-3.605128345771378e-06,-2.9347619569955745e-06,-2.7238211993021252e-06,-6.741229881409568e-08,-7.48709225727857e-06,6.44902433515898e-05
30.0,0.00010245386945602325,2.2229594167833502e-05,0.4208174394450157,0.4278787714114319,0.05438089542741545,0.9891456558390261,0.9999976342418675,0.171716669332285,3.1460872888297423e-05,0.00024987177712704856,0.00027648090233343243,0.000283855674413537,0.0003782217455261959,0.015641950923446377,0.09196592875733134,0.0,0.022082598360402224,3.775304746595691e-07,6.53132876550509,0.2599202263823454,0.263937784419103,388.7342427447373,0.7865162111400636,0.3356004350751476,6.938157332255214e-06,6.741314983170408e-05,1.9426139580633276e-05,5.531079060078442e-06,0.1627558785695108,0.010955727200748706,0.010955727200748706,1.0,9.002686725882421,0.09779174016395978,0.011075965022667026,0.011076182425236523,540602578.157526,0.09284598953301841,1.962793326713064e-05,0.010955920933302792,-0.022062970427135092,0.00013851171338437107,4.663856822874356e-05,0.017040581060014506,0.018153448203419235,9.00272288957214,0.006112485449318411,0.10857299679026688,0.006112485449318411,-0.10853683310054763,0.9938875145506816,0.1980484881536223,-0.19802886022035518,0.00013851171338437107,5.76936209653868e-05,4.663856822874356e-05,0.9179306851660463,1.9426139580633276e-05,-5.43786508220905e-06,1.199754564955288e-07,3.0,0.9179306851660463,0.05895251843418675,4.4456361845102605e-06,0.0016303796267237425,0.09734570133352284,0.0015250326478460589,0.09838673675650969,1.9426139580633276e-05,6.938157332255214e-06,0.7865162111400636,786.0,839.0,1000.0,0.9938875145506816,0.022082598360402224,-0.19802886022035518,-0.022062970427135092,-5.43786508220905e-06,1.199754564955288e-07,5.76936209653868e-05,9.00272288957214,9.002686725882421,-0.10853683310054763,0.10857299679026688,3.775304746595691e-07,5.531079060078442e-06,0.14847186416435718,1652372.0930966623,6.53132876550509,4.4456361845102605e-06,0.0015250326478460589,0.0016303796267237425,0.09838673675650969,0.1627558785695108,3.0,-2.057151987135836e-06,1.0975203214742355e-06,1.573387670005537e-06,0.01058436349670397,0.0017568773777605076,-0.0003518108063133521,-2.4211061210607874e-09,0.005201619205416665,0.0048943540569714545,-3.4688400955017904e-06,-2.793174331107982e-06,-2.5926658833793045e-06,-6.659941910686464e-08,-6.3626590409915196e-06,6.441676636400946e-05
31.0,0.00010034441848561466,2.335540578334768e-05,0.4256877785721106,0.43836312276394357,0.05613596398213086,0.9887941720140029,0.9999976318259545,0.17690198959032308,3.305922783505998e-05,0.00024649448090977195,0.00027375086337479165,0.00028132211373760834,0.0003781556695444354,0.015636083657267506,0.09203030882008723,0.0,0.022732915846311517,3.967107340207197e-07,6.52900791780846,0.2598278661168673,0.2589152821086063,388.59610960150314,0.8034102602920503,0.3401985992032546,7.102734896149247e-06,6.77861530725462e-05,1.9993192628367782e-05,5.678437772112515e-06,0.16304403460846065,0.010951834183699398,0.010951834183699398,1.0,9.006242050321019,0.09772670841536886,0.01107596503865451,0.011076182663235585,543193762.552165,0.09241163225220239,1.9647976897038618e-05,0.010952027094678938,-0.022713267869414477,0.00013851222800259695,4.8032872692532615e-05,0.01702095776469947,0.0181414429702599,9.006279216487187,0.006291037500551916,0.11212864367981368,0.006291037500551916,-0.1120914775136459,0.9937089624994481,0.1979916172581634,-0.19797196928126634,0.00013851222800259695,5.7654300078347086e-05,4.8032872692532615e-05,0.9179306851660463,1.9993192628367782e-05,-5.442024466928194e-06,1.236061594692476e-07,3.0,0.9179306851660463,0.05899378770518412,4.6108261389115156e-06,0.0016154687476527673,0.09645541176116094,0.0015260896619576105,0.09747739241582097,1.9993192628367782e-05,7.102734896149247e-06,0.8034102602920503,786.0,839.0,1000.0,0.9937089624994481,0.022732915846311517,-0.19797196928126634,-0.022713267869414477,-5.442024466928194e-06,1.236061594692476e-07,5.7654300078347086e-05,9.006279216487187,9.006242050321019,-0.1120914775136459,0.11212864367981368,3.967107340207197e-07,5.678437772112515e-06,0.14847186416435718,1652372.0930966623,6.52900791780846,4.6108261389115156e-06,0.0015260896619576105,0.0016154687476527673,0.09747739241582097,0.16304403460846065,3.0,-2.1632121427962153e-06,1.154896351120397e-06,1.6229189941406088e-06,0.010384967203053933,0.0017532615072273832,-0.00035115704639880884,-2.4107293049280797e-09,0.005169055394196186,0.004846402882323212,-3.2882872859735588e-06,-2.663157075044859e-06,-2.471248897337759e-06,-6.550534920200077e-08,-5.398275711379177e-06,6.434337309246774e-05
32.0,9.812463084319757e-05,2.454090562164688e-05,0.43051040180443256,0.44864995091688187,0.057887422088263696,0.9884433413412742,0.9999976294204036,0.1820548480737735,3.4705816760819426e-05,0.00024327851171452477,0.0002711571262653581,0.0002789152947924307,0.0003780908210545533,0.015631110693712976,0.09209461553138984,0.0,0.023378037609638344,4.1646980112983315e-07,6.526691382876433,0.2597356774818172,0.25363007343618466,388.4582331471208,0.819453362147063,0.3446957831410935,7.260795837956564e-06,6.815296931620856e-05,2.055349208522878e-05,5.8186263953044726e-06,0.16327585973695524,0.010947948400931835,0.010947948400931835,1.0,9.009793289756155,0.09766219623903617,0.011075965054573419,0.011076182900213838,545768329.5612745,0.09198361627882097,1.9667934556666395e-05,0.010948140502432688,-0.02335836967508168,0.00013851273850457247,4.94118854038112e-05,0.017001463713657516,0.01812953356083235,9.00983144777322,0.006467379422310861,0.11568020527329459,0.006467379422310861,-0.11564204725623028,0.9935326205776891,0.19793545782445157,-0.19791578988989492,0.00013851273850457247,5.7616106960725425e-05,4.94118854038112e-05,0.9179306851660463,2.055349208522878e-05,-5.445585329820163e-06,1.2719999523114095e-07,3.0,0.9179306851660463,0.059035009956019124,4.772947363616664e-06,0.0016028307593044168,0.09570083054642431,0.0015271454571376887,0.09670680023138414,2.055349208522878e-05,7.260795837956564e-06,0.819453362147063,786.0,839.0,1000.0,0.9935326205776891,0.023378037609638344,-0.19791578988989492,-0.02335836967508168,-5.445585329820163e-06,1.2719999523114095e-07,5.7616106960725425e-05,9.00983144777322,9.009793289756155,-0.11564204725623028,0.11568020527329459,4.1646980112983315e-07,5.8186263953044726e-06,0.14847186416435718,1652372.0930966623,6.526691382876433,4.772947363616664e-06,0.0015271454571376887,0.0016028307593044168,0.09670680023138414,0.16327585973695524,3.0,-2.2777518479276103e-06,1.2168574330761171e-06,1.6698261053323637e-06,0.010189305922657096,0.0017496565211752254,-0.00035050450134753355,-2.4003809525718466e-09,0.005136695442920117,0.004798921496973836,-3.123264617938537e-06,-2.5294312152474002e-06,-2.346598390099442e-06,-6.415963257963473e-08,-4.57122814913311e-06,6.427006344158276e-05
33.0,9.578610555388895e-05,2.5790640473919748e-05,0.43528577662654583,0.45874295748343663,0.059635280749249266,0.9880931626071058,0.999997627025182,0.18717544800384034,3.6397956748940175e-05,0.00024022391217850983,0.0002686994402587262,0.00027663495460918336,0.000378027427406747,0.01562690408032007,0.09215884897481218,0.0,0.02401800133665932,4.367754809872821e-07,6.524379152694719,0.2596436601582592,0.24806215608068793,388.32061290459256,0.8346319914119734,0.34907880883450026,7.412392497179692e-06,6.851239715330824e-05,2.11066095362442e-05,5.9516357628428815e-06,0.16345689015014525,0.010944069839002753,0.010944069839002753,1.0,9.013340445092641,0.09759819986633407,0.011075965070423972,0.011076183136174521,548326341.1879158,0.0915618157521153,1.9687806518533602e-05,0.010944261142883686,-0.023998313530140786,0.00013851324492022282,5.077438328815393e-05,0.016982097958249516,0.018117719281822414,9.013379584527618,0.006641357825760683,0.11922768246629722,0.006641357825760683,-0.11918854303132065,0.9933586421742393,0.19788005841180897,-0.19786037060529044,0.00013851324492022282,5.757913315337875e-05,5.077438328815393e-05,0.9179306851660463,2.11066095362442e-05,-5.448456522984608e-06,1.3075376789392534e-07,3.0,0.9179306851660463,0.059076185240264215,4.931431483132513e-06,0.0015921404265279294,0.09506253874949654,0.0015282000348086865,0.09605506465227834,2.11066095362442e-05,7.412392497179692e-06,0.8346319914119734,786.0,839.0,1000.0,0.9933586421742393,0.02401800133665932,-0.19786037060529044,-0.023998313530140786,-5.448456522984608e-06,1.3075376789392534e-07,5.757913315337875e-05,9.013379584527618,9.013340445092641,-0.11918854303132065,0.11922768246629722,4.367754809872821e-07,5.9516357628428815e-06,0.14847186416435718,1652372.0930966623,6.524379152694719,4.931431483132513e-06,0.0015282000348086865,0.0015921404265279294,0.09605506465227834,0.16345689015014525,3.0,-2.400560826590904e-06,1.2832946455474603e-06,1.7139581815547094e-06,0.009997313303718012,0.0017460626858647312,-0.00034985316890198025,-2.3900622060364467e-09,0.005104538075359297,0.004751905298279975,-2.9929759782948677e-06,-2.387629569118137e-06,-2.215182559630574e-06,-6.259658055563871e-08,-3.861877526875594e-06,6.419683731608129e-05
34.0,9.33208320390973e-05,2.7108944322785243e-05,0.4400143659424894,0.46864577883558217,0.061379551287105184,0.9877436346000193,0.999997624640255,0.1922639913294441,3.813277654728365e-05,0.0002373229668415698,0.0002663722104821259,0.000274476073668348,0.0003779656783910553,0.015623354869950467,0.09222300923383206,0.0,0.02465284531901037,4.575933185674038e-07,6.522071219263927,0.2595518138278502,0.24219245723594593,388.18324839780763,0.8489388363281949,0.35334581491566497,7.5574702440740715e-06,6.886414899007619e-05,2.165203665159502e-05,6.077897389666594e-06,0.16359055564327477,0.010940198484493886,0.010940198484493886,1.0,9.016883517247123,0.09753471546809897,0.011075965086206405,0.011076183371121057,550867863.1611571,0.09114610757187555,1.9707593070507953e-05,0.010940389002381644,-0.024633137725939863,0.00013851374727981896,5.2119029070686397e-05,0.016962859538864852,0.018105999431829514,9.016923627855798,0.006812804716307342,0.1227710761666998,0.006812804716307342,-0.12273096555802532,0.9931871952836927,0.197825472207754,-0.1978057646146835,0.00013851374727981896,5.754337305065442e-05,5.2119029070686397e-05,0.9179306851660463,2.165203665159502e-05,-5.450543268648886e-06,1.3426398301782245e-07,3.0,0.9179306851660463,0.059117313611430806,5.0858040223616696e-06,0.0015831208334593143,0.09452400244873835,0.0015292533963912989,0.09550525670072164,2.165203665159502e-05,7.5574702440740715e-06,0.8489388363281949,786.0,839.0,1000.0,0.9931871952836927,0.02465284531901037,-0.1978057646146835,-0.024633137725939863,-5.450543268648886e-06,1.3426398301782245e-07,5.754337305065442e-05,9.016923627855798,9.016883517247123,-0.12273096555802532,0.1227710761666998,4.575933185674038e-07,6.077897389666594e-06,0.14847186416435718,1652372.0930966623,6.522071219263927,5.0858040223616696e-06,0.0015292533963912989,0.0015831208334593143,0.09550525670072164,0.16359055564327477,3.0,-2.5314954403070154e-06,1.3541357339852198e-06,1.7552138449584347e-06,0.00980892448757967,0.0017424802942736187,-0.0003492030468087995,-2.379804525155533e-09,0.005072582023274505,0.004705349728696083,-2.8004665559932355e-06,-2.263186222640358e-06,-2.0994417536017533e-06,-6.08717818776921e-08,-3.2535020369939225e-06,6.412369462079863e-05
35.0,9.072093973383347e-05,2.8500091248960724e-05,0.4446966281210329,0.47836198701382465,0.06312024530941204,0.9873947561107873,0.9999976222655846,0.19732067873523026,3.990738541404124e-05,0.0002345791766980538,0.0002641773654128782,0.0002724402773852637,0.00037790573585027367,0.015620369604519195,0.09228709639183215,0.0,0.025282608408970716,4.788886249684949e-07,6.519767574599529,0.25946013817283836,0.23600223746150825,388.0461391515394,0.8623760058021869,0.3574787766638689,7.696298659686333e-06,6.920659321785178e-05,2.2189163477335944e-05,6.197183979289128e-06,0.1636820870710352,0.010936334324011884,0.010936334324011884,1.0,9.020422507147973,0.09747173915910293,0.011075965101920958,0.011076183605057174,553392964.7688937,0.09073637133827732,1.9727294527394724e-05,0.01093652406730624,-0.02526288111444332,0.00013851424561442418,5.3444114188048555e-05,0.01694374748586856,0.018094373290837327,9.020463578871192,0.006981503945872724,0.1263103872946445,0.006981503945872724,-0.12626931557142562,0.9930184960541273,0.19777176770500227,-0.19775204041047487,0.00013851424561442418,5.750895653474291e-05,5.3444114188048555e-05,0.9179306851660463,2.2189163477335944e-05,-5.451721201571847e-06,1.3772618458439967e-07,3.0,0.9179306851660463,0.059158395122969325,5.235660374315895e-06,0.0015755344416004383,0.09407103884198792,0.0015303055433045249,0.09504286284660714,2.2189163477335944e-05,7.696298659686333e-06,0.8623760058021869,786.0,839.0,1000.0,0.9930184960541273,0.025282608408970716,-0.19775204041047487,-0.02526288111444332,-5.451721201571847e-06,1.3772618458439967e-07,5.750895653474291e-05,9.020463578871192,9.020422507147973,-0.12626931557142562,0.1263103872946445,4.788886249684949e-07,6.197183979289128e-06,0.14847186416435718,1652372.0930966623,6.519767574599529,5.235660374315895e-06,0.0015303055433045249,0.0015755344416004383,0.09504286284660714,0.1636820870710352,3.0,-2.6696710134066137e-06,1.4289077301755686e-06,1.7934861797674544e-06,0.00962407671905366,0.0017389097288926173,-0.0003485541328188279,-2.369562838072702e-09,0.005040826026366168,0.004659250275328834,-2.6519684653284726e-06,-2.1340375081204463e-06,-1.9793212040607506e-06,-5.89961157700125e-08,-2.731757198913246e-06,6.405063526067853e-05
36.0,8.797937745873161e-05,2.996791248687393e-05,0.4493330170406896,0.4878950922250364,0.06485737483683615,0.9870465259324293,0.9999976199011316,0.20234570964954893,4.171877155095069e-05,0.0002319896142116241,0.00026211222181656956,0.00027052504741716387,0.00037784772911591787,0.015617867723485439,0.09235111053210016,0.0,0.02590733006777394,5.006252586114082e-07,6.51746821073183,0.25936863287606265,0.22947470823507524,387.90928469144467,0.8749519561484557,0.36146910025179935,7.829068719484217e-06,6.953885802668616e-05,2.2717262351991514e-05,6.309619200445729e-06,0.1637355201585919,0.010932477344188299,0.010932477344188299,1.0,9.023957415735367,0.09740926699322261,0.011075965117567902,0.011076183837986758,555901719.0624537,0.09033248923847922,1.9746911215588502e-05,0.010932666324066764,-0.02588758315655835,0.00013851473995529266,5.474771003684016e-05,0.016924760818609014,0.01808284013431735,9.023999438695498,0.0071472111100643505,0.12984561678248596,0.0071472111100643505,-0.12980359382235562,0.9928527888899357,0.19771902235997765,-0.19769927544876206,0.00013851473995529266,5.74759325105076e-05,5.474771003684016e-05,0.9179306851660463,2.2717262351991514e-05,-5.451854751213163e-06,1.4113534322950847e-07,3.0,0.9179306851660463,0.059199429828269326,5.380677210205367e-06,0.0015691764997210434,0.09369142276905452,0.0015313564769656696,0.0946553789787571,2.2717262351991514e-05,7.829068719484217e-06,0.8749519561484557,786.0,839.0,1000.0,0.9928527888899357,0.02590733006777394,-0.19769927544876206,-0.02588758315655835,-5.451854751213163e-06,1.4113534322950847e-07,5.74759325105076e-05,9.023999438695498,9.023957415735367,-0.12980359382235562,0.12984561678248596,5.006252586114082e-07,6.309619200445729e-06,0.14847186416435718,1652372.0930966623,6.51746821073183,5.380677210205367e-06,0.0015313564769656696,0.0015691764997210434,0.0946553789787571,0.1637355201585919,3.0,-2.8141752742608785e-06,1.507122640638792e-06,1.8287159086186503e-06,0.009442708927633615,0.001735351424279296,-0.00034790642468708193,-2.359351461460801e-09,0.005009268832224248,0.004613602469493956,-2.5665660228359194e-06,-1.997479156979967e-06,-1.8521694529301696e-06,-5.699700861880752e-08,-2.2842781031915503e-06,6.3977659140773e-05
37.0,8.509058949774482e-05,3.151542245825594e-05,0.45392398213285456,0.4972485452109233,0.06659095243086198,0.9866989428602075,0.9999976175468541,0.20733928225222387,4.356379129045473e-05,0.00022953579470191322,0.0002601628092155058,0.00026871770245722636,0.00037779174725328913,0.015615780519029806,0.09241505173782882,0.0,0.026527050412126125,5.227654954854568e-07,6.51517311970595,0.25927729762095103,0.22259664166129717,387.7726845440616,0.8866799247770868,0.36533333385208544,7.955631641884448e-06,6.986216970092791e-05,2.3235468683793375e-05,6.416169931290435e-06,0.16375338259072875,0.010928627531679514,0.010928627531679514,1.0,9.02748824396121,0.0973472949587874,0.011075965133147505,0.011076184069913907,558394203.0553851,0.0899343459384668,1.9766443480903954e-05,0.010928815759101875,-0.026507283968645223,0.0001385152303341729,5.6027754946573874e-05,0.01690589854446492,0.01807139922611921,9.0275312084588,0.0073096649728699135,0.13337676557476286,0.0073096649728699135,-0.13333380107717296,0.9926903350271301,0.1976673189529235,-0.1976475525094426,0.0001385152303341729,5.744414174237606e-05,5.6027754946573874e-05,0.9179306851660463,2.3235468683793375e-05,-5.450806643241355e-06,1.4448607955057645e-07,3.0,0.9179306851660463,0.0592404177806595,5.520631866777178e-06,0.0015638723855063558,0.09337472798845338,0.0015324061987903456,0.09433214520575277,2.3235468683793375e-05,7.955631641884448e-06,0.8866799247770868,786.0,839.0,1000.0,0.9926903350271301,0.026527050412126125,-0.1976475525094426,-0.026507283968645223,-5.450806643241355e-06,1.4448607955057645e-07,5.744414174237606e-05,9.0275312084588,9.02748824396121,-0.13333380107717296,0.13337676557476286,5.227654954854568e-07,6.416169931290435e-06,0.14847186416435718,1652372.0930966623,6.51517311970595,5.520631866777178e-06,0.0015324061987903456,0.0015638723855063558,0.09433214520575277,0.16375338259072875,3.0,-2.9645192540813024e-06,1.5885231378365175e-06,1.860926439657872e-06,0.009264761469563067,0.0017318058454550212,-0.0003472599201727495,-2.349199991545474e-09,0.004977909196279448,0.0045684018862915095,-2.3342677027499386e-06,-1.8928219113538979e-06,-1.754654078744681e-06,-5.494744700723997e-08,-1.900519049777737e-06,6.390476616624232e-05
38.0,8.204941165735199e-05,3.314546125430993e-05,0.45846996842612425,0.5064257369708439,0.06832099104882897,0.9863520056916235,0.9999976152027081,0.2123015934824553,4.5439527372582775e-05,0.00022723094066295097,0.00025833802893758485,0.0002670261266657002,0.0003777378664748031,0.01561404877070314,0.09247892009211618,0.0,0.027141810109884715,5.452743284709933e-07,6.512882293581789,0.2591861320915202,0.21535574204131425,387.63633823680806,0.8975834776347262,0.3690389912226876,8.076675065294334e-06,7.017365268940534e-05,2.3742728563186544e-05,6.516073296086502e-06,0.1637402397273968,0.010924784873166716,0.010924784873166716,1.0,9.031014992789062,0.09728581898901154,0.011075965148660065,0.011076184300842977,560870497.3154821,0.0895418285671102,1.9785891689672063e-05,0.010924972358879612,-0.027122024218195043,0.00013851571678334687,5.72813373880997e-05,0.016887159661033598,0.01806004981754175,9.031058889299477,0.007468494051563622,0.13690383462814815,0.007468494051563622,-0.136859938117734,0.9925315059484364,0.19761677531190744,-0.19759698942021778,0.00013851571678334687,5.741383171695061e-05,5.72813373880997e-05,0.9179306851660463,2.3742728563186544e-05,-5.4483696792094365e-06,1.477708143891979e-07,3.0,0.9179306851660463,0.05928135903340781,5.6553338129923306e-06,0.0015594715922558613,0.09311196813892428,0.001533454710192477,0.0940639770557323,2.3742728563186544e-05,8.076675065294334e-06,0.8975834776347262,786.0,839.0,1000.0,0.9925315059484364,0.027141810109884715,-0.19759698942021778,-0.027122024218195043,-5.4483696792094365e-06,1.477708143891979e-07,5.741383171695061e-05,9.031058889299477,9.031014992789062,-0.136859938117734,0.13690383462814815,5.452743284709933e-07,6.516073296086502e-06,0.14847186416435718,1652372.0930966623,6.512882293581789,5.6553338129923306e-06,0.001533454710192477,0.0015594715922558613,0.0940639770557323,0.1637402397273968,3.0,-3.1184664048033925e-06,1.6719030024203864e-06,1.890059361587669e-06,0.00909017787988098,0.001728273662862266,-0.00034661461703918323,-2.339106577430982e-09,0.004946745881753595,0.004523644144169532,-2.2403861162896868e-06,-1.7699712042208595e-06,-1.640692963132252e-06,-5.281231363410791e-08,-1.5713905027386275e-06,6.383195624235473e-05
39.0,7.885290314499513e-05,3.485964608053154e-05,0.46297141658852653,0.5154300039718284,0.07004750446469232,0.9860057132264131,0.9999976128686463,0.21723283904649782,4.734289204063393e-05,0.00022505604199526567,0.00025662291527447234,0.0002654365983565699,0.0003776861306854168,0.015612622109840523,0.09254271567796554,0.0,0.027751650597995194,5.681147044876071e-07,6.510595724434006,0.2590951359723737,0.20774500748808364,387.5002452979803,0.9076887625532023,0.3726053136516186,8.192121693250472e-06,7.04747632512831e-05,2.4237778083030178e-05,6.610262311573158e-06,0.163699139071487,0.010920949355355841,0.010920949355355841,1.0,9.034537663194046,0.09722483494020048,0.01107596516410589,0.011076184530778624,563330686.853601,0.08915482651311174,1.9805256234534896e-05,0.010921136109896926,-0.02773184534176066,0.0001385161993358536,5.8505450439278484e-05,0.016868543151609988,0.0180487911421537,9.034582482364529,0.007623315256404371,0.14042682491142067,0.007623315256404371,-0.1403820057409373,0.9923766847435956,0.19756751291021044,-0.1975477076539759,0.0001385161993358536,5.7384822699411313e-05,5.8505450439278484e-05,0.9179306851660463,2.4237778083030178e-05,-5.444344224088407e-06,1.5098171200972765e-07,3.0,0.9179306851660463,0.059322253639721496,5.784673286457993e-06,0.001555846112009174,0.09289550020010821,0.001534502012584299,0.0938430652530422,2.4237778083030178e-05,8.192121693250472e-06,0.9076887625532023,786.0,839.0,1000.0,0.9923766847435956,0.027751650597995194,-0.1975477076539759,-0.02773184534176066,-5.444344224088407e-06,1.5098171200972765e-07,5.7384822699411313e-05,9.034582482364529,9.034537663194046,-0.1403820057409373,0.14042682491142067,5.681147044876071e-07,6.610262311573158e-06,0.14847186416435718,1652372.0930966623,6.510595724434006,5.784673286457993e-06,0.001534502012584299,0.001555846112009174,0.0938430652530422,0.163699139071487,3.0,-3.274892587050502e-06,1.756661442492261e-06,1.9161986640106063e-06,0.008918902930432049,0.001724755567121549,-0.00034597051305389177,-2.3290370329759943e-09,0.0049157776596114085,0.004479324904508266,-2.1056691447224538e-06,-1.6540727486777485e-06,-1.5320581041457068e-06,-5.065559020311512e-08,-1.2891615395380317e-06,6.375922927448646e-05
40.0,7.549967659676655e-05,3.665876865474285e-05,0.46742876297097335,0.5242646285375637,0.07177050719725567,0.9856600642665424,0.9999976105446198,0.22213321342542922,4.9270920503852376e-05,0.00022301112133499897,0.00025501775864359013,0.0002639494685203229,0.00037763656072470206,0.01561145703735739,0.09260643857828565,0.0,0.028356614024879392,5.912510460462286e-07,6.508313404351979,0.2590043089487012,0.19976113475420604,387.3644052567512,0.9170276937680965,0.3760219517970624,8.3023982194528e-06,7.076447612483719e-05,2.471907399297678e-05,6.6987824075495655e-06,0.16363099314256213,0.010917120964977526,0.010917120964977526,1.0,9.038056256162983,0.09716433859751207,0.011075965179485307,0.011076184759725662,565774860.9058962,0.08877323138878121,1.9824537520663527e-05,0.01091730699867946,-0.028336789487358727,0.00013851667802494843,5.96961709569416e-05,0.016850047986405874,0.018037622428374943,9.038101988809705,0.007773627028126498,0.14394573740542427,0.007773627028126498,-0.14390000475870224,0.9922263729718735,0.19751969086426024,-0.19749986632673958,0.00013851667802494843,5.7357179840391256e-05,5.96961709569416e-05,0.9179306851660463,2.471907399297678e-05,-5.43846227743926e-06,1.5410856069073783e-07,3.0,0.9179306851660463,0.05936310165274721,5.908598188244867e-06,0.0015528853970535174,0.092718723657343,0.0015355481073763616,0.09366266745964741,2.471907399297678e-05,8.3023982194528e-06,0.9170276937680965,786.0,839.0,1000.0,0.9922263729718735,0.028356614024879392,-0.19749986632673958,-0.028336789487358727,-5.43846227743926e-06,1.5410856069073783e-07,5.7357179840391256e-05,9.038101988809705,9.038056256162983,-0.14390000475870224,0.14394573740542427,5.912510460462286e-07,6.6987824075495655e-06,0.14847186416435718,1652372.0930966623,6.508313404351979,5.908598188244867e-06,0.0015355481073763616,0.0015528853970535174,0.09366266745964741,0.16363099314256213,3.0,-3.4314515794585344e-06,1.8415335656813497e-06,1.9393818909826397e-06,0.008750884620921594,0.0017212524689985355,-0.00034532760598853234,-2.319039397471155e-09,0.0048850033085117185,0.00443543987119234,-1.9857853171519e-06,-1.5554608516995753e-06,-1.4409586865281171e-06,-4.848326077552161e-08,-1.0471556124132113e-06,6.368658516812153e-05
41.0,7.199072029264803e-05,3.854233927834972e-05,0.47184243964954775,0.5329328423820907,0.07349001476610131,0.9853150576162041,0.9999976082305756,0.2270029098828545,5.122070238588039e-05,0.00022108530163760112,0.00025351263324681773,0.0002625553592197926,0.00037758916039348843,0.015610516271112315,0.09267008887589079,0.0,0.028956743380647704,6.146484286305647e-07,6.506035325439795,0.25891365070627753,0.1914064768872572,387.2288176431682,0.9256350614525355,0.37929738655487266,8.407665624802707e-06,7.104336251629203e-05,2.5184730218280186e-05,6.782044479731168e-06,0.16354075386294092,0.01091329968878707,0.01091329968878707,1.0,9.041570772694095,0.09710432566193523,0.011075965194798663,0.011076184987689308,568203113.4740381,0.08839693688711851,1.9843735987527402e-05,0.010913485011781413,-0.028936899644660178,0.00013851715288494784,6.0848901344180436e-05,0.016831673119861553,0.01802654287982041,9.041617409799525,0.007918841142958736,0.14746057310302874,0.007918841142958736,-0.14741393599759967,0.9920811588570413,0.1974734957996589,-0.19745365206367135,0.00013851715288494784,5.73308153302479e-05,6.0848901344180436e-05,0.9179306851660463,2.5184730218280186e-05,-5.430415659510378e-06,1.5713939296804291e-07,3.0,0.9179306851660463,0.05940390312557101,6.027099016278987e-06,0.0015504947005317113,0.09257598142370846,0.0015365929959775318,0.09351700627542087,2.5184730218280186e-05,8.407665624802707e-06,0.9256350614525355,786.0,839.0,1000.0,0.9920811588570413,0.028956743380647704,-0.19745365206367135,-0.028936899644660178,-5.430415659510378e-06,1.5713939296804291e-07,5.73308153302479e-05,9.041617409799525,9.041570772694095,-0.14741393599759967,0.14746057310302874,6.146484286305647e-07,6.782044479731168e-06,0.14847186416435718,1652372.0930966623,6.506035325439795,6.027099016278987e-06,0.0015365929959775318,0.0015504947005317113,0.09351700627542087,0.16354075386294092,3.0,-3.5858905709024104e-06,1.925306853166926e-06,1.9597087412537777e-06,0.008586073518081577,0.0017177654394500577,-0.0003446858936189031,-2.309065085133715e-09,0.004854421614759088,0.00439198479019443,-1.8663291369782774e-06,-1.4544993582481652e-06,-1.3469264620380185e-06,-4.6321119659990526e-08,-8.396503795719386e-07,6.361402382885168e-05
42.0,6.832966575435055e-05,4.050844277505188e-05,0.4762128744687373,0.5414378297160585,0.07520604390529184,0.9849706920818124,0.9999976059264589,0.23184212047277028,5.318941940109743e-05,0.00021927385662647998,0.000252103863988899,0.00026125092681965773,0.00037754391255833655,0.0156097677980521,0.09273366665350095,0.0,0.029552082608087435,6.382730328131692e-07,6.503761479816207,0.2588231609314613,0.18268968036750127,387.0934819881523,0.9335478839885066,0.3824308032292394,8.508249178142167e-06,7.131121384567829e-05,2.5632423725332783e-05,6.860297123069067e-06,0.1634296317369959,0.010909485513564377,0.010909485513564377,1.0,9.0450812137972,0.09704479173919126,0.011075965210046326,0.011076185214674966,570615543.7917042,0.08802583865509232,1.9862852089944028e-05,0.010909670135785017,-0.029532219755997492,0.0001385176239504881,6.195790790390795e-05,0.016813417488362563,0.018015551692555413,9.045128746507679,0.008058222923347425,0.15097133300910137,0.008058222923347425,-0.15092380029862262,0.9919417770766525,0.1974291608593307,-0.19740929800724077,0.0001385176239504881,5.730571852154593e-05,6.195790790390795e-05,0.9179306851660463,2.5632423725332783e-05,-5.419819145214811e-06,1.6005929003424627e-07,3.0,0.9179306851660463,0.05944465811121856,6.140218604158608e-06,0.0015485926670770914,0.09246241598314177,0.001537636679794996,0.09340112178485516,2.5632423725332783e-05,8.508249178142167e-06,0.9335478839885066,786.0,839.0,1000.0,0.9919417770766525,0.029552082608087435,-0.19740929800724077,-0.029532219755997492,-5.419819145214811e-06,1.6005929003424627e-07,5.730571852154593e-05,9.045128746507679,9.0450812137972,-0.15092380029862262,0.15097133300910137,6.382730328131692e-07,6.860297123069067e-06,0.14847186416435718,1652372.0930966623,6.503761479816207,6.140218604158608e-06,0.001537636679794996,0.0015485926670770914,0.09340112178485516,0.1634296317369959,3.0,-3.7352005181413103e-06,2.0063582332326194e-06,1.977270501645087e-06,0.008424423815643109,0.0017142958210304444,-0.0003440453737249346,-2.2991703522328485e-09,0.004824031372254417,0.004348955449149606,-1.754870789825941e-06,-1.3611136398925017e-06,-1.260046790460976e-06,-4.418179173700388e-08,-6.617322241807007e-07,6.354154516237609e-05
43.0,6.452331381229442e-05,4.2553455239557074e-05,0.48054049107863583,0.5497827306224745,0.0769186128222436,0.9846269664720002,0.9999976036322102,0.23665103604636126,5.5174360661122e-05,0.00021757017488704806,0.00025078583431559876,0.00026003094806761103,0.0003775007863871033,0.015609184209082238,0.09279717199374177,0.0,0.030142676736961443,6.62092327933464e-07,6.501491859614617,0.25873283931119395,0.17362693764832002,386.95839782349606,0.9408041654293313,0.38542542497091964,8.604420500127991e-06,7.156817226526294e-05,2.605927639173724e-05,6.933835314009202e-06,0.1632997893025477,0.010905678426113926,0.010905678426113926,1.0,9.048587580493402,0.09698573232630386,0.011075965225228685,0.011076185440688497,573012256.8891692,0.08765983415828321,1.9881886321884316e-05,0.010905862357300452,-0.03012279485063956,0.00013851809125744015,6.301614562548097e-05,0.016795280007476817,0.018004648033682416,9.048636000117021,0.008190868875874143,0.15447801814046436,0.008190868875874143,-0.15442959851684535,0.9918091311241258,0.1973869727996733,-0.19736709091335142,0.00013851809125744015,5.7281847207645105e-05,6.301614562548097e-05,0.9179306851660463,2.605927639173724e-05,-5.4062023353099485e-06,1.6284992386759008e-07,3.0,0.9179306851660463,0.05948536666265498,6.248034032241788e-06,0.0015471096421007938,0.09237386844240557,0.0015386791602342593,0.09331076807440172,2.605927639173724e-05,8.604420500127991e-06,0.9408041654293313,786.0,839.0,1000.0,0.9918091311241258,0.030142676736961443,-0.19736709091335142,-0.03012279485063956,-5.4062023353099485e-06,1.6284992386759008e-07,5.7281847207645105e-05,9.048636000117021,9.048587580493402,-0.15442959851684535,0.15447801814046436,6.62092327933464e-07,6.933835314009202e-06,0.14847186416435718,1652372.0930966623,6.501491859614617,6.248034032241788e-06,0.0015386791602342593,0.0015471096421007938,0.09331076807440172,0.1632997893025477,3.0,-3.875891749645775e-06,2.0828049887552346e-06,1.992177772023396e-06,0.00826589368938088,0.0017108452692245197,-0.0003434060440906839,-2.2893211200445546e-09,0.004793831382452265,0.004306347676989055,-1.6528564010061495e-06,-1.275310324217406e-06,-1.1802401478221583e-06,-4.207864643686996e-08,-5.091941675470259e-07,6.346914907450156e-05
44.0,6.058227922094628e-05,4.4671695178785996e-05,0.4848257089782308,0.5579706456456459,0.07862774157009339,0.984283879597614,0.999997601347767,0.24142984625992972,5.717293195935224e-05,0.00021596688313423116,0.0002495521694712058,0.00025888947092490513,0.0003774597393105509,0.015608742002761815,0.09286060497914482,0.0,0.030728572096172455,6.860751835122269e-07,6.499226456983045,0.25864268553299874,0.164243521954634,386.8235646818623,0.9474417477181739,0.38828674054029677,8.696414175162948e-06,7.181458419305015e-05,2.6461703735185275e-05,7.00297609027451e-06,0.16315363193912752,0.010901878413264713,0.010901878413264713,1.0,9.052089873815222,0.09692714279038275,0.011075965240346155,0.011076185665736057,575393364.4787827,0.0872988225065812,1.9900839201750855e-05,0.010902061662965253,-0.030708671256970705,0.0001385185548423404,6.40148770076897e-05,0.016777259567580267,0.01799383105476933,9.052139171820027,0.008315657661742495,0.15798062952586456,0.008315657661742495,-0.1579313315210591,0.9916843423382575,0.1973472875677241,-0.19732738672852235,0.0001385185548423404,5.725914242752853e-05,6.40148770076897e-05,0.9179306851660463,2.6461703735185275e-05,-5.3889849091266e-06,1.654885659831449e-07,3.0,0.9179306851660463,0.05952602883278514,6.350651723622741e-06,0.001545985901988586,0.09230677286077142,0.0015397204386991513,0.093242305064533,2.6461703735185275e-05,8.696414175162948e-06,0.9474417477181739,786.0,839.0,1000.0,0.9916843423382575,0.030728572096172455,-0.19732738672852235,-0.030708671256970705,-5.3889849091266e-06,1.654885659831449e-07,5.725914242752853e-05,9.052139171820027,9.052089873815222,-0.1579313315210591,0.15798062952586456,6.860751835122269e-07,7.00297609027451e-06,0.14847186416435718,1652372.0930966623,6.499226456983045,6.350651723622741e-06,0.0015397204386991513,0.001545985901988586,0.093242305064533,0.16315363193912752,3.0,-4.0038219131656965e-06,2.152411734305642e-06,2.0045519474380004e-06,0.008110446128151838,0.001707415843436467,-0.0003427679025043255,-2.279570036857123e-09,0.004763820454311056,0.004264157343513895,-1.5557772610467187e-06,-1.1934716410781566e-06,-1.1040858643805583e-06,-4.0024606422074456e-08,-3.784289970162308e-07,6.339683547114209e-05
45.0,5.652177761984506e-05,4.685499755020781e-05,0.4890689435574701,0.5660046412328733,0.08033345251578582,0.9839414302717104,0.9999975990730607,0.24617873958263078,5.918265956888323e-05,0.00021445795660905085,0.000248397775765452,0.00025782176289197115,0.0003774207182505214,0.015608421002305129,0.09292396569214759,0.0,0.031309816586369825,7.101919148265988e-07,6.496965264084103,0.25855269928497965,0.15457566099963108,386.6889820967822,0.9534972993553569,0.39101872666681353,8.784478742154019e-06,7.20506763597388e-05,2.683522387874106e-05,7.067990344889353e-06,0.16299284935402966,0.01089808546187021,0.01089808546187021,1.0,9.055588094806279,0.09686901834136302,0.011075965255399191,0.01107618588982441,577758986.0934682,0.086942704252385,1.9919711298845653e-05,0.010898268039444051,-0.03128989687507098,0.0001385190147434011,6.494317456776562e-05,0.016759355028236646,0.01798309986816993,9.055638262818945,0.008431186116733186,0.16147916820593444,0.008431186116733186,-0.16142900019326767,0.9915688138832668,0.19731055063056557,-0.19729063091926674,0.0001385190147434011,5.723755878645974e-05,6.494317456776562e-05,0.9179306851660463,2.683522387874106e-05,-5.367444770518428e-06,1.6794679335216062e-07,3.0,0.9179306851660463,0.05956664467445358,6.448204373696568e-06,0.0015451701723327986,0.09225806777752603,0.0015407605165918255,0.09319260798885211,2.683522387874106e-05,8.784478742154019e-06,0.9534972993553569,786.0,839.0,1000.0,0.9915688138832668,0.031309816586369825,-0.19729063091926674,-0.03128989687507098,-5.367444770518428e-06,1.6794679335216062e-07,5.723755878645974e-05,9.055638262818945,9.055588094806279,-0.16142900019326767,0.16147916820593444,7.101919148265988e-07,7.067990344889353e-06,0.14847186416435718,1652372.0930966623,6.496965264084103,6.448204373696568e-06,0.0015407605165918255,0.0015451701723327986,0.09319260798885211,0.16299284935402966,3.0,-4.113922856149886e-06,2.212442136271805e-06,2.0145118625355586e-06,0.007958050028562359,0.0017040101257571893,-0.0003421309467581449,-2.2698631074236954e-09,0.004733997404244493,0.004222380358981007,-1.4641557130593358e-06,-1.1162359784318365e-06,-1.0322032748705843e-06,-3.802815107189912e-08,-2.663397846765213e-07,6.332460425831892e-05
46.0,5.236299534450833e-05,4.909197276206445e-05,0.49327060615080187,0.5738877586304458,0.0820357711503759,0.98359961730955,0.9999975968080177,0.2508979033063668,6.120118659058054e-05,0.00021303767768130795,0.0002473177963914565,0.00025682330690751475,0.0003773836631233531,0.015608203752594653,0.09298725421509375,0.0,0.031886460171194,7.344142390869665e-07,6.494708273094958,0.25846288025581976,0.14467379843930553,386.55464960265317,0.959004926105435,0.39362556909901714,8.86883704355805e-06,7.227670260252265e-05,2.7174241791574502e-05,7.1291328870436735e-06,0.16281901192313364,0.010894299558808308,0.010894299558808308,1.0,9.059082244521365,0.0968113539828806,0.01107596527038828,0.011076186112960802,580109251.1257939,0.08659138107463576,1.9938503223973337e-05,0.01089448147342769,-0.03186652166797003,0.00013851947100013858,6.578741068176777e-05,0.016741565208051146,0.017972453555709898,9.05913327432653,0.008535703858032359,0.16497363523319386,0.008535703858032359,-0.1649226054280284,0.9914642961419676,0.19727731775427193,-0.19725737925104797,0.00013851947100013858,5.721705047804766e-05,6.578741068176777e-05,0.9179306851660463,2.7174241791574502e-05,-5.340688283005231e-06,1.7018915889225983e-07,3.0,0.9179306851660463,0.05960721424044471,6.540842191617158e-06,0.0015446180954402082,0.09222510471087679,0.0015417993953127645,0.09315897385418768,2.7174241791574502e-05,8.86883704355805e-06,0.959004926105435,786.0,839.0,1000.0,0.9914642961419676,0.031886460171194,-0.19725737925104797,-0.03186652166797003,-5.340688283005231e-06,1.7018915889225983e-07,5.721705047804766e-05,9.05913327432653,9.059082244521365,-0.1649226054280284,0.16497363523319386,7.344142390869665e-07,7.1291328870436735e-06,0.14847186416435718,1652372.0930966623,6.494708273094958,6.540842191617158e-06,0.0015417993953127645,0.0015446180954402082,0.09315897385418768,0.16281901192313364,3.0,-4.200066161682931e-06,2.2595865238733586e-06,2.022172550343049e-06,0.007808681251465458,0.0017006313417342765,-0.0003414951746485266,-2.2602283087139706e-09,0.004704361056059431,0.004181012673575901,-1.3773757001448222e-06,-1.0436360760598347e-06,-9.646244898326093e-07,-3.60956983211765e-08,-1.7024733783974064e-07,6.32524553421603e-05
47.0,4.813336655977527e-05,5.1367856998281976e-05,0.497431104041126,0.5816230155796103,0.08373472626062335,0.9832584395285969,0.9999975945525582,0.2555875235465334,6.322627059144582e-05,0.0002117009236413144,0.0002463078927331668,0.0002558900707844349,0.0003773485070516861,0.015608075509410667,0.09305047063023301,0.0,0.03245855495318178,7.587152470973499e-07,6.492455476207326,0.2583732281347813,0.13460325371375065,386.4205667347386,0.9639966776069342,0.3961110592928595,8.949700660447588e-06,7.249289122537143e-05,2.7471748184631157e-05,7.186633538451052e-06,0.16263345194635395,0.010890520690981296,0.010890520690981296,1.0,9.06257232402629,0.09675414450468182,0.01107596528531395,0.01107618633515309,582444299.1868448,0.0862447557034056,1.9957215638211476e-05,0.010890701951633133,-0.03243859773754357,0.00013851992365370303,6.653051978230668e-05,0.01672388888316214,0.017961891161029073,9.062624207566051,0.008627018581124796,0.16846403167197188,0.008627018581124796,-0.1684121481322105,0.9913729814188752,0.19724828510799197,-0.19722832789235376,0.00013851992365370303,5.7197575994000856e-05,6.653051978230668e-05,0.9179306851660463,2.7471748184631157e-05,-5.307605203263712e-06,1.7217127013836472e-07,3.0,0.9179306851660463,0.0596477375834827,6.628732370784735e-06,0.0015442922028371456,0.09220564651630388,0.001542837076260777,0.09313911964047884,2.7471748184631157e-05,8.949700660447588e-06,0.9639966776069342,786.0,839.0,1000.0,0.9913729814188752,0.03245855495318178,-0.19722832789235376,-0.03243859773754357,-5.307605203263712e-06,1.7217127013836472e-07,5.7197575994000856e-05,9.062624207566051,9.06257232402629,-0.1684121481322105,0.16846403167197188,7.587152470973499e-07,7.186633538451052e-06,0.14847186416435718,1652372.0930966623,6.492455476207326,6.628732370784735e-06,0.001542837076260777,0.0015442922028371456,0.09313911964047884,0.16263345194635395,3.0,-4.254733750290135e-06,2.289783882212221e-06,2.0276449147691986e-06,0.007662324361194255,0.0016972835371459308,-0.00034086058397595376,-2.2507043452005184e-09,0.004674910240951184,0.004140050277373816,-1.2962284579374768e-06,-9.762532808622425e-07,-9.019122875938719e-07,-3.42310908495933e-08,-8.788854681902736e-08,6.318038862890154e-05
48.0,4.386869541653348e-05,5.3663364787802176e-05,0.5015508405266202,0.5892134198526863,0.0854303512027031,0.9829178957485125,0.9999975923065932,0.2602477852544081,6.525577408546748e-05,0.0002104427906072604,0.00024536382854974635,0.00025501810144393965,0.0003773151805897637,0.015608023571366281,0.09311361501972142,0.0,0.03302615596917887,7.830692890256098e-07,6.490206865627428,0.2582837426117037,0.12444927480127019,386.2867330291654,0.9685007882960297,0.3984792107862529,9.027243668746886e-06,7.269949795551512e-05,2.7719076614176724e-05,7.240704670644974e-06,0.16243755870092302,0.010886748845315803,0.010886748845315803,1.0,9.06605833439755,0.09669738440308212,0.011075965300176788,0.011076186556410043,584764283.4096141,0.08590273145223004,1.9975849280631302e-05,0.010886929460802528,-0.03300618011989824,0.00013852037274792714,6.715141171383168e-05,0.01670632477081322,0.01795141166505373,9.066111063772068,0.008702421251480083,0.1719503585984068,0.008702421251480083,-0.17189762922388852,0.9912975787485199,0.19722431305580296,-0.19720433720652233,0.00013852037274792714,5.717909313935134e-05,6.715141171383168e-05,0.9179306851660463,2.7719076614176724e-05,-5.2668395635194436e-06,1.73838255296129e-07,3.0,0.9179306851660463,0.05968821475623168,6.712048525590749e-06,0.0015441602174882264,0.09219776601648304,0.0015438735608330042,0.09313107877844802,2.7719076614176724e-05,9.027243668746886e-06,0.9685007882960297,786.0,839.0,1000.0,0.9912975787485199,0.03302615596917887,-0.19720433720652233,-0.03300618011989824,-5.2668395635194436e-06,1.73838255296129e-07,5.717909313935134e-05,9.066111063772068,9.06605833439755,-0.17189762922388852,0.1719503585984068,7.830692890256098e-07,7.240704670644974e-06,0.14847186416435718,1652372.0930966623,6.490206865627428,6.712048525590749e-06,0.0015438735608330042,0.0015441602174882264,0.09313107877844802,0.16243755870092302,3.0,-4.268835877636767e-06,2.298123334962698e-06,2.031030354646238e-06,0.007518973771352089,0.0016939717155106772,-0.00034022717254499676,-2.2412445534181463e-09,0.004645643797425732,0.004099489199681778,-1.2203759365598648e-06,-9.124233052017324e-07,-8.425286698680785e-07,-3.243670667556398e-08,-1.7313846507776938e-08,6.310840402488476e-05
49.0,3.9615247462814915e-05,5.5953557655724506e-05,0.5056302149641262,0.5966619820520501,0.08712268516782323,0.9825779847911505,0.9999975900700249,0.264878872225257,6.728764736694105e-05,0.00020925926283358394,0.0002444821504569243,0.0002542041805854812,0.0003772836137164496,0.015608036967797164,0.09317668746562151,0.0,0.03358932197046655,8.074517684032927e-07,6.487962433575967,0.25819442337700277,0.11432201776860693,386.15314802292215,0.9725407787512358,0.40073292804976673,9.10161557726541e-06,7.289668923816474e-05,2.790577756510225e-05,7.291522596417687e-06,0.16223241605798444,0.010882984008762744,0.010882984008762744,1.0,9.069540276722368,0.09664106780295335,0.011075965314977444,0.011076186776741308,587069373.7160263,0.08556521177542922,1.9994404963442637e-05,0.010883163987702048,-0.03356932756550311,0.00013852081832912494,6.762465031831127e-05,0.01668887151327609,0.01794101399075588,9.06959384419143,0.008758645899695076,0.17543261710044078,0.008758645899695076,-0.17537904963137763,0.9912413541003049,0.19720643897745715,-0.1971864445724937,0.00013852081832912494,5.71615694311664e-05,6.762465031831127e-05,0.9179306851660463,2.790577756510225e-05,-5.21678346723461e-06,1.7512391304989972e-07,3.0,0.9179306851660463,0.05972864581129583,6.790965708876e-06,0.0015441942605977817,0.09219979864147473,0.001544908850424922,0.09313315276448902,2.790577756510225e-05,9.10161557726541e-06,0.9725407787512358,786.0,839.0,1000.0,0.9912413541003049,0.03358932197046655,-0.1971864445724937,-0.03356932756550311,-5.21678346723461e-06,1.7512391304989972e-07,5.71615694311664e-05,9.06959384419143,9.069540276722368,-0.17537904963137763,0.17543261710044078,8.074517684032927e-07,7.291522596417687e-06,0.14847186416435718,1652372.0930966623,6.487962433575967,6.790965708876e-06,0.001544908850424922,0.0015441942605977817,0.09313315276448902,0.16223241605798444,3.0,-4.231570820180024e-06,2.2787674332094908e-06,2.0324135234543504e-06,0.0073786342573023645,0.0016907019109037404,-0.00033959493816430354,-2.231911580411524e-09,0.0046165605712488,0.004059325508611439,-1.1499341850834874e-06,-8.51680561285676e-07,-7.860188570734839e-07,-3.071262310581397e-08,4.316068784559425e-08,6.303650143655865e-05
50.0,3.5429898695418867e-05,5.8207762330677934e-05,0.5096696227763348,0.6039717162073379,0.08881177325945176,0.9822387054805559,0.9999975878427437,0.26948096709971037,6.931992752360786e-05,0.00020814673746175918,0.00024365975189441296,0.0002534454121805357,0.0003772537356793841,0.015608106459912617,0.09323968804990214,0.0,0.03414811547246296,8.318391302832944e-07,6.485722172288111,0.25810527012166967,0.1043569016557592,386.01981125385845,0.9761364999659928,0.40287480908627776,9.172937729462192e-06,7.308461107428366e-05,2.8019675234763435e-05,7.3392452145920725e-06,0.16201898311938726,0.010879226168297297,0.010879226168297297,1.0,9.07301815209838,0.09658518845275371,0.011075965329716641,0.01107618699615766,589359757.1132374,0.08523210023655019,2.001288359391985e-05,0.010879405519122004,-0.03412810258886904,0.00013852126044690955,6.792059474651659e-05,0.016671527676944776,0.0179306969840005,9.073072550083097,0.008791889414258186,0.17891080827775419,0.008791889414258186,-0.17885641029303656,0.9912081105857418,0.19719587106577408,-0.19717585818218017,0.00013852126044690955,5.7144975619218145e-05,6.792059474651659e-05,0.9179306851660463,2.8019675234763435e-05,-5.155606262023841e-06,1.7595105941816528e-07,3.0,0.9179306851660463,0.05976903080121932,6.865660801539854e-06,0.0015443708544920411,0.09221034260081164,0.0015459429464303386,0.09314391129337048,2.8019675234763435e-05,9.172937729462192e-06,0.9761364999659928,786.0,839.0,1000.0,0.9912081105857418,0.03414811547246296,-0.19717585818218017,-0.03412810258886904,-5.155606262023841e-06,1.7595105941816528e-07,5.7144975619218145e-05,9.073072550083097,9.07301815209838,-0.17885641029303656,0.17891080827775419,8.318391302832944e-07,7.3392452145920725e-06,0.14847186416435718,1652372.0930966623,6.485722172288111,6.865660801539854e-06,0.0015459429464303386,0.0015443708544920411,0.09314391129337048,0.16201898311938726,3.0,-4.130481471062959e-06,2.224982233246325e-06,2.0318672759508063e-06,0.007241320574876153,0.0016874811508001623,-0.0003389638786465975,-2.2226885218966895e-09,0.004587659415437233,0.0040195553110083364,-1.0832932677316506e-06,-7.935764935884608e-07,-7.31960557257212e-07,-2.9057675458815053e-08,9.495316340382539e-08,6.296468077047874e-05
51.0,3.138265202159628e-05,6.038820786402818e-05,0.5136694555247284,0.6111456552634229,0.09049766801296451,0.9819000566429579,0.9999975856246279,0.27405425137738626,7.135071646266076e-05,0.00020710219818030124,0.0002428940332409014,0.0002527393743779458,0.00037722547849564244,0.015608223992264561,0.09330261685443891,0.0,0.03470260372516689,8.562085975519292e-07,6.483486074013451,0.25801628253726994,0.09472060005141969,385.88672226068246,0.9793026046435364,0.40490674581750513,9.241295069644317e-06,7.326335323335314e-05,2.8047849911766197e-05,7.384005852783294e-06,0.16179804422615446,0.010875475310918837,0.010875475310918837,1.0,9.076491961633517,0.09652973962748332,0.011075965344395184,0.011076187214671105,591635641.7716179,0.08490329998143621,2.0031286183642067e-05,0.01087565404187557,-0.03468257243898325,0.00013852169915452267,6.800777525386558e-05,0.016654291732354998,0.017920459405844844,9.076547182719242,0.00879812031730284,0.1823849332417815,0.00879812031730284,-0.1823297121560561,0.9912018796826971,0.1971938903289972,-0.19717385904281357,0.00013852169915452267,5.712928871596993e-05,6.800777525386558e-05,0.9179306851660463,2.8047849911766197e-05,-5.081447354116029e-06,1.7623766595400894e-07,3.0,0.9179306851660463,0.05980936977848648,6.936303760893922e-06,0.001544669528658736,0.09222817565377094,0.001546975850241402,0.09316210730560318,2.8047849911766197e-05,9.241295069644317e-06,0.9793026046435364,786.0,839.0,1000.0,0.9912018796826971,0.03470260372516689,-0.19717385904281357,-0.03468257243898325,-5.081447354116029e-06,1.7623766595400894e-07,5.712928871596993e-05,9.076547182719242,9.076491961633517,-0.1823297121560561,0.1823849332417815,8.562085975519292e-07,7.384005852783294e-06,0.14847186416435718,1652372.0930966623,6.483486074013451,6.936303760893922e-06,0.001546975850241402,0.001544669528658736,0.09316210730560318,0.16179804422615446,3.0,-3.952465701794011e-06,2.1296811618701128e-06,2.0294455186851765e-06,0.0071070513966404285,0.0016843168758223998,-0.00033833399180866516,-2.2135890355955146e-09,0.004558939190173429,0.003980174751733732,-1.0163620855815545e-06,-7.38147705744345e-07,-6.803924147030245e-07,-2.7469616249636922e-08,1.3930006166919213e-07,6.289294193330682e-05
52.0,2.7556084195587963e-05,6.245031827514623e-05,0.5176301009415459,0.6181868476603879,0.09218042909692051,0.9815620371067659,0.999997583415543,0.27859890542297383,7.33781610592191e-05,0.00020612347344437589,0.00024218304854843676,0.0002520842428571571,0.0003771987776683497,0.015608382623107939,0.09336547396101415,0.0,0.035252858535821205,8.805379327106292e-07,6.481254131015975,0.2579274603159418,0.08560972427520942,385.753880582959,0.9820493942031938,0.40682934221689865,9.306753145727543e-06,7.343289691264799e-05,2.797901933709159e-05,7.425895731540248e-06,0.16157030934027802,0.01087173142365089,0.01087173142365089,1.0,9.079961706445987,0.09647471414641788,0.011075965359013966,0.011076187432294889,593897256.413033,0.08457871384372347,2.0049613847710073e-05,0.010871909542798978,-0.035232808921973495,0.00013852213450878586,6.785866503675318e-05,0.01663716205801625,0.017910299933803917,9.080017743385,0.008773825556656413,0.1858549931156741,0.008773825556656413,-0.18579895617666153,0.9912261744433436,0.1972016134236578,-0.19718156380981008,0.00013852213450878586,5.711449640126848e-05,6.785866503675318e-05,0.9179306851660463,2.797901933709159e-05,-4.992841041079208e-06,1.7591181437813095e-07,3.0,0.9179306851660463,0.05984966279552189,7.003055829125705e-06,0.0015450726427585204,0.09225224454184935,0.0015480075632485991,0.09318666618499477,2.797901933709159e-05,9.306753145727543e-06,0.9820493942031938,786.0,839.0,1000.0,0.9912261744433436,0.035252858535821205,-0.19718156380981008,-0.035232808921973495,-4.992841041079208e-06,1.7591181437813095e-07,5.711449640126848e-05,9.080017743385,9.079961706445987,-0.18579895617666153,0.1858549931156741,8.805379327106292e-07,7.425895731540248e-06,0.14847186416435718,1652372.0930966623,6.481254131015975,7.003055829125705e-06,0.0015480075632485991,0.0015450726427585204,0.09318666618499477,0.16157030934027802,3.0,-3.6861226549594228e-06,1.9866899353217704e-06,2.0251843950301297e-06,0.006975835410841272,0.0016812155437978113,-0.00033770527547134815,-2.20462827838332e-09,0.004530398762767139,0.003941180013349907,-9.498079610619819e-07,-6.841829547128506e-07,-6.302042716770375e-07,-2.5944149167012506e-08,1.772669268901809e-07,6.282128483181105e-05
53.0,2.40387484529191e-05,6.434626774654813e-05,0.5215519429588972,0.6250983187567235,0.0938601194272787,0.9812246457025668,0.9999975812153474,0.2831151084717661,7.540045186741766e-05,0.00020520837955179997,0.00024152490291348645,0.0002514782521897665,0.00037717357204256264,0.015608576419394556,0.09342825945131691,0.0,0.035798953869635754,9.04805422409012e-07,6.479026335574049,0.2578388031503958,0.0772351153640931,385.62128576110877,0.98438649751655,0.40864353249117724,9.369365854088254e-06,7.359325649564593e-05,2.7807679350222646e-05,7.465011957210027e-06,0.16133634115700263,0.010867994493541089,0.010867994493541089,1.0,9.083427387664717,0.09642010461303643,0.011075965373573922,0.011076187649042958,596144840.5398946,0.08425824562815397,2.0067867760894394e-05,0.010868172008754182,-0.03577888600187486,0.0001385225665684021,6.74597495043182e-05,0.01662013699023864,0.01790021720130057,9.08348423337593,0.00871731009890249,0.1893209890342149,0.00871731009890249,-0.18926414332300112,0.9912826899010975,0.19721957974779444,-0.19719951188003354,0.0001385225665684021,5.7100584307053004e-05,6.74597495043182e-05,0.9179306851660463,2.7807679350222646e-05,-4.889415122827397e-06,1.7493782629548438e-07,3.0,0.9179306851660463,0.05988990990469033,7.066069893593452e-06,0.0015455651197694644,0.09228164905551915,0.001549038086840758,0.09321666948810893,2.7807679350222646e-05,9.369365854088254e-06,0.98438649751655,786.0,839.0,1000.0,0.9912826899010975,0.035798953869635754,-0.19719951188003354,-0.03577888600187486,-4.889415122827397e-06,1.7493782629548438e-07,5.7100584307053004e-05,9.08348423337593,9.083427387664717,-0.18926414332300112,0.1893209890342149,9.04805422409012e-07,7.465011957210027e-06,0.14847186416435718,1652372.0930966623,6.479026335574049,7.066069893593452e-06,0.001549038086840758,0.0015455651197694644,0.09321666948810893,0.16133634115700263,3.0,-3.325851502320879e-06,1.7929588314989472e-06,2.019119914998816e-06,0.006847647740399794,0.001678180206786041,-0.00033707772745953784,-2.195782982061757e-09,0.004502037007620724,0.003902567315833503,-8.798875065391048e-07,-6.320218444765225e-07,-5.81693749623024e-07,-2.4477851660548997e-08,2.097644828194146e-07,6.27497093728659e-05
54.0,2.09270513196683e-05,6.602396799661676e-05,0.5254353617092998,0.6318830824831104,0.0955368063391691,0.9808878812631262,0.9999975790238926,0.28760303862939574,7.741580168280473e-05,0.0002043565112822757,0.00024091908715939537,0.0002509209052161884,0.0003771498054449266,0.01560880041340957,0.09349097340694308,0.0,0.03634096655451352,9.289896201936567e-07,6.476802679980422,0.2577503107339148,0.0698263126658769,385.4889373364086,0.9863192305338465,0.41034697935808284,9.429200451673571e-06,7.374416045515785e-05,2.7543309661202686e-05,7.501363542594752e-06,0.16109655702254375,0.010864264507661208,0.010864264507661208,1.0,9.086889006429262,0.09636590334454866,0.011075965388076037,0.011076187864929947,598378647.3833542,0.08394179970630311,2.0086049155442656e-05,0.010864441426627909,-0.036320880505358075,0.00013852299539386624,6.683385130771294e-05,0.016603214808613216,0.017890209799863322,9.086946653998806,0.008631574983115028,0.1927829221437367,0.008631574983115028,-0.19272527457419208,0.9913684250168849,0.1972468364958059,-0.19722675044665047,0.00013852299539386624,5.70875639017723e-05,6.683385130771294e-05,0.9179306851660463,2.7543309661202686e-05,-4.773404085679072e-06,1.7337423939973758e-07,3.0,0.9179306851660463,0.05993011115829684,7.125486387683534e-06,0.0015461343357834893,0.09231563545426169,0.0015500674224050482,0.0932513482225367,2.7543309661202686e-05,9.429200451673571e-06,0.9863192305338465,786.0,839.0,1000.0,0.9913684250168849,0.03634096655451352,-0.19722675044665047,-0.036320880505358075,-4.773404085679072e-06,1.7337423939973758e-07,5.70875639017723e-05,9.086946653998806,9.086889006429262,-0.19272527457419208,0.1927829221437367,9.289896201936567e-07,7.501363542594752e-06,0.14847186416435718,1652372.0930966623,6.476802679980422,7.125486387683534e-06,0.0015500674224050482,0.0015461343357834893,0.0932513482225367,0.16109655702254375,3.0,-2.881042873196365e-06,1.5535225824898514e-06,2.0112646827188067e-06,0.006722375905381584,0.0016752051269273286,-0.00033645134560217826,-2.187143267033285e-09,0.004473852806230809,0.003864332916570243,-8.210200554845229e-07,-5.798632834970245e-07,-5.330466643805275e-07,-2.3062660169494678e-08,2.3755528814108427e-07,6.267821546345206e-05
55.0,1.8293020612760382e-05,6.744444636698888e-05,0.5292807336166853,0.6385439540232236,0.09721054270192576,0.9805517426233931,0.9999975768410487,0.29206287288574273,7.942241955329564e-05,0.00020356486752477044,0.00024036319997700086,0.00025041000203715594,0.0003771274285217796,0.015609050169059701,0.09355361590939487,0.0,0.03687896438616171,9.530690346395477e-07,6.4745831565422645,0.2576619827603554,0.0635548109827628,385.3568348509935,0.9878649529909217,0.4119427784199246,9.48634917108982e-06,7.388582187008749e-05,2.721470983095449e-05,7.5351015451163045e-06,0.16085131622632187,0.0108605414531072,0.0108605414531072,1.0,9.09034656389205,0.09631210356138384,0.011075965402521166,0.011076188079968647,600598894.8422451,0.08362928725322168,2.0104159109024268e-05,0.010860717783344959,-0.03685886022705268,0.0001385234210394174,6.605077458031882e-05,0.01658639398220623,0.017880276466922446,9.090405006559191,0.008525678195706803,0.19624079360176694,0.008525678195706803,-0.19618235093462566,0.9914743218042932,0.19728050544001743,-0.1972604012809084,0.0001385234210394174,5.7075404979462446e-05,6.605077458031882e-05,0.9179306851660463,2.721470983095449e-05,-4.650214084293028e-06,1.7140159095882852e-07,3.0,0.9179306851660463,0.05997026660858645,7.181428695551091e-06,0.0015467690178488037,0.09235353065962315,0.0015510955713269727,0.09329001569491852,2.721470983095449e-05,9.48634917108982e-06,0.9878649529909217,786.0,839.0,1000.0,0.9914743218042932,0.03687896438616171,-0.1972604012809084,-0.03685886022705268,-4.650214084293028e-06,1.7140159095882852e-07,5.7075404979462446e-05,9.090405006559191,9.09034656389205,-0.19618235093462566,0.19624079360176694,9.530690346395477e-07,7.5351015451163045e-06,0.14847186416435718,1652372.0930966623,6.4745831565422645,7.181428695551091e-06,0.0015510955713269727,0.0015467690178488037,0.09329001569491852,0.16085131622632187,3.0,-2.3802619368744166e-06,1.2837677010474092e-06,2.0016949653211937e-06,0.006599797877506001,0.001672273266921427,-0.0003358261277322746,-2.1785763714137363e-09,0.00444584504710095,0.0038264731094589327,-7.628633745333334e-07,-5.321381208185017e-07,-4.888373356322357e-07,-2.1700272639942533e-08,2.6132030547309697e-07,6.260680301065702e-05
56.0,1.6167862424794844e-05,6.859073930293904e-05,0.5330884314438405,0.6450834560463884,0.09888135698345621,0.9802162286204604,0.999997574666725,0.2964947871318846,8.141867112160593e-05,0.000202829124589496,0.00023985353760637288,0.00024994208953074904,0.0003771063863119434,0.01560932192532231,0.09361618704008251,0.0,0.03741299982136714,9.770240534592713e-07,6.4723677575808995,0.25757381892413783,0.05849491053522582,385.22497784784093,0.9890560818602593,0.4134370608094641,9.540999654744892e-06,7.401872985772362e-05,2.686955076498455e-05,7.566413943282119e-06,0.16060152343875977,0.01085682531699877,0.01085682531699877,1.0,9.093800061220584,0.0962587000178633,0.011075965416909913,0.011076188294168,602805739.1357985,0.08332062934781291,2.0122198374334386e-05,0.010857001065873917,-0.03739287762299281,0.00013852384354663696,6.522623520391383e-05,0.01656967329966813,0.017870416235182256,9.093859292355997,0.008414580065816666,0.19969460457721233,0.008414580065816666,-0.19963537344179905,0.9915854199341834,0.19731583099786076,-0.19729570879948644,0.00013852384354663696,5.706405458939935e-05,6.522623520391383e-05,0.9179306851660463,2.686955076498455e-05,-4.528131026133389e-06,1.6931984932108265e-07,3.0,0.9179306851660463,0.060010376307745195,7.234034220141469e-06,0.0015474596085013083,0.09239476402043097,0.0015521225349903974,0.09333208971661579,2.686955076498455e-05,9.540999654744892e-06,0.9890560818602593,786.0,839.0,1000.0,0.9915854199341834,0.03741299982136714,-0.19729570879948644,-0.03739287762299281,-4.528131026133389e-06,1.6931984932108265e-07,5.706405458939935e-05,9.093859292355997,9.093800061220584,-0.19963537344179905,0.19969460457721233,9.770240534592713e-07,7.566413943282119e-06,0.14847186416435718,1652372.0930966623,6.4723677575808995,7.234034220141469e-06,0.0015521225349903974,0.0015474596085013083,0.09333208971661579,0.16060152343875977,3.0,-1.8706471738320052e-06,1.0091164250163375e-06,1.990554747523297e-06,0.006479586724701766,0.0016693565977178597,-0.0003352020716868199,-2.1700818366669067e-09,0.004418012625635179,0.003788984224444356,-7.093967887748465e-07,-4.879192308192818e-07,-4.476805367819009e-07,-2.03937922320237e-08,2.8163688355688826e-07,6.253547192167311e-05
57.0,1.453402823478747e-05,6.947218862229369e-05,0.5368588243459181,0.6515037783290247,0.10054924868236126,0.9798813380935529,0.9999975725008756,0.300898956172013,8.340308566469886e-05,0.00020214353610039523,0.0002393853675613956,0.00024951279100639425,0.0003770866195833823,0.015609612477348055,0.0936786868803248,0.0,0.037943106931419814,1.0008370279763863e-06,6.47015647543173,0.2574858189202423,0.054604829130446356,385.0933658707663,0.9899398219867126,0.41483927081986893,9.593430414378158e-06,7.414367641949336e-05,2.6563335782226046e-05,7.595567583748987e-06,0.1603480485142074,0.010853116086479224,0.010853116086479224,1.0,9.097249499598052,0.09620568930685802,0.011075965431242582,0.01107618850753252,604999261.7523241,0.08301575827447741,2.0140167331639966e-05,0.010853291261229948,-0.03792296676408817,0.00013852426294275202,6.449509139895164e-05,0.016553051931671517,0.01786062847229184,9.097309512678759,0.008315675833909587,0.2031443562503359,0.008315675833909587,-0.2030843431696283,0.9916843241660904,0.19734728178889793,-0.19732714162156628,0.00013852426294275202,5.705343508658872e-05,6.449509139895164e-05,0.9179306851660463,2.6563335782226046e-05,-4.4162974857022814e-06,1.6747910277061375e-07,3.0,0.9179306851660463,0.06005044030790051,7.2834510415442606e-06,0.0015481979636204747,0.09243884927255896,0.0015531483147775596,0.09337707419506222,2.6563335782226046e-05,9.593430414378158e-06,0.9899398219867126,786.0,839.0,1000.0,0.9916843241660904,0.037943106931419814,-0.19732714162156628,-0.03792296676408817,-4.4162974857022814e-06,1.6747910277061375e-07,5.705343508658872e-05,9.097309512678759,9.097249499598052,-0.2030843431696283,0.2031443562503359,1.0008370279763863e-06,7.595567583748987e-06,0.14847186416435718,1652372.0930966623,6.47015647543173,7.2834510415442606e-06,0.0015531483147775596,0.0015481979636204747,0.09337707419506222,0.1603480485142074,3.0,-1.4068774368270497e-06,7.590804409604187e-07,1.9780576218090156e-06,0.006361376207153129,0.0016664225911545735,-0.00033457917530677197,-2.161608013976279e-09,0.0043903544440631725,0.003751862626990452,-6.62962195500837e-07,-4.4950626879489274e-07,-4.119288018359357e-07,-1.915050609512453e-08,2.989970063106868e-07,6.24642221037969e-05
58.0,1.332585433721571e-05,7.012411524783806e-05,0.5405922779221235,0.657806786044526,0.10221418859965839,0.9795470698840146,0.9999975703435008,0.3052755537344658,8.537443326246677e-05,0.0002015005600515651,0.0002389524316586743,0.00024911630431254594,0.0003770680603709125,0.015609919070180833,0.09374111551134943,0.0,0.038469301412674226,1.0244931991496012e-06,6.467949302444149,0.2573979824442059,0.05172822461241836,384.9619984644178,0.9905762323918428,0.41616299773746696,9.643980782817988e-06,7.426183260642986e-05,2.63384735479861e-05,7.62290449040372e-06,0.16009209997060528,0.01084941374871535,0.01084941374871535,1.0,9.100694880223486,0.09615306985873258,0.011075965445519169,0.011076188720062184,607179468.9803,0.08271461720286503,2.015806597906977e-05,0.01084958835647399,-0.03844914334669516,0.00013852467924037402,6.396053137084658e-05,0.01653652943003627,0.017850912886961494,9.10075566880823,0.008242241598867227,0.20659004981277818,0.008242241598867227,-0.2065292612280345,0.9917577584011328,0.19737063483395137,-0.1973504767679723,0.00013852467924037402,5.7043437909567795e-05,6.396053137084658e-05,0.9179306851660463,2.63384735479861e-05,-4.3212315152836835e-06,1.6614764996539906e-07,3.0,0.9179306851660463,0.06009045866112143,7.329849072718713e-06,0.001548977082349119,0.09248536841314364,0.0015541729120690734,0.09342454267928747,2.63384735479861e-05,9.643980782817988e-06,0.9905762323918428,786.0,839.0,1000.0,0.9917577584011328,0.038469301412674226,-0.1973504767679723,-0.03844914334669516,-4.3212315152836835e-06,1.6614764996539906e-07,5.7043437909567795e-05,9.10075566880823,9.100694880223486,-0.2065292612280345,0.20659004981277818,1.0244931991496012e-06,7.62290449040372e-06,0.14847186416435718,1652372.0930966623,6.467949302444149,7.329849072718713e-06,0.0015541729120690734,0.001548977082349119,0.09342454267928747,0.16009209997060528,3.0,-1.030310053300036e-06,5.560026802256375e-07,1.9644815544008547e-06,0.006244883183068547,0.001663446475528757,-0.00033395743643703074,-2.153124109967276e-09,0.0043628694113709695,0.003715104717571419,-6.245883714252779e-07,-4.17781307369716e-07,-3.823686942030833e-07,-1.7980974423665193e-08,3.1382360531855574e-07,6.239305346442882e-05
59.0,1.2445320376564657e-05,7.05993304886479e-05,0.5442891539323335,0.6639941124314513,0.10387612799077837,0.9792134228354961,0.999997568194633,0.30962475238230935,8.73317925029204e-05,0.00020089183250273623,0.00023854777743769834,0.0002487461785540116,0.0003770506293379439,0.015610239376788357,0.09380347301428503,0.0,0.038991586105855514,1.047981510035045e-06,6.465746230982781,0.25731030919217185,0.04963171518229681,384.83087517434996,0.9910312100714486,0.4174240240239515,9.693017562731632e-06,7.437457595837511e-05,2.620779882207196e-05,7.648800837234924e-06,0.1598350300104264,0.010845718290899482,0.010845718290899482,1.0,9.104136204308514,0.09610084138941445,0.011075965459739457,0.01107618893175379,609346314.3174515,0.08241715704856875,2.017589404709925e-05,0.010845892338708375,-0.038971410211808416,0.00013852509244191607,6.365398981946512e-05,0.016520105613042537,0.017841269425831644,9.104197762020311,0.008198283519459915,0.2100316864656424,0.008198283519459915,-0.20997012875384513,0.99180171648054,0.1973846146960927,-0.1973644388020456,0.00013852509244191607,5.703393871811136e-05,6.365398981946512e-05,0.9179306851660463,2.620779882207196e-05,-4.2443344687225185e-06,1.654076996567032e-07,3.0,0.9179306851660463,0.06013043141941348,7.3734266551403654e-06,0.0015497910512651477,0.09253396836722536,0.0015551963282438002,0.09347413495934292,2.620779882207196e-05,9.693017562731632e-06,0.9910312100714486,786.0,839.0,1000.0,0.99180171648054,0.038991586105855514,-0.1973644388020456,-0.038971410211808416,-4.2443344687225185e-06,1.654076996567032e-07,5.703393871811136e-05,9.104197762020311,9.104136204308514,-0.20997012875384513,0.2100316864656424,1.047981510035045e-06,7.648800837234924e-06,0.14847186416435718,1652372.0930966623,6.465746230982781,7.3734266551403654e-06,0.0015551963282438002,0.0015497910512651477,0.09347413495934292,0.1598350300104264,3.0,-7.526161026532856e-07,4.0621511229034023e-07,1.9501353759001833e-06,0.006130002195717959,0.0016604208504758541,-0.00033333685292678616,-2.1446093864002126e-09,0.004335556443862512,0.0036787069344617618,-5.945252604264791e-07,-3.9276130482318526e-07,-3.5903527623297904e-07,-1.6896108470863183e-08,3.2647393172183635e-07,6.232196591108224e-05
60.0,1.1796947439337947e-05,7.094930788008502e-05,0.5479498106733592,0.6700673706861016,0.10553501908386974,0.97888039579375,0.9999975660543037,0.3139467236224667,8.927453435097873e-05,0.00020030985375484072,0.00023816514166079053,0.0002483965947985223,0.00037703423803399827,0.01561057138529392,0.09386575947016974,0.0,0.03950996432113919,1.0712944122117448e-06,6.463547253426131,0.2572227988608358,0.048087970093661773,384.69999554694374,0.9913615777894151,0.4186368046550047,9.740849351514534e-06,7.448317548029162e-05,2.616152034289636e-05,7.673589853298826e-06,0.15957808091690398,0.010842029700247231,0.010842029700247231,1.0,9.107573473076327,0.0960490035678861,0.011075965473903245,0.011076189142604251,611499753.5141139,0.08212332944822716,2.0193651275444078e-05,0.010842203195059982,-0.03948977066986375,0.0001385255025500887,6.355193188414455e-05,0.016503780289748277,0.017831698028628076,9.107635793601647,0.008180723676380414,0.21346926742179306,0.008180723676380414,-0.21340694689647322,0.9918192763236195,0.1973901993323426,-0.19737000568106713,0.0001385255025500887,5.702482435279424e-05,6.355193188414455e-05,0.9179306851660463,2.616152034289636e-05,-4.183328449351183e-06,1.6519868110159493e-07,3.0,0.9179306851660463,0.06017035863472419,7.414404915004376e-06,0.001550634757814178,0.09258434387755975,0.001556218564678989,0.09352553960803853,2.616152034289636e-05,9.740849351514534e-06,0.9913615777894151,786.0,839.0,1000.0,0.9918192763236195,0.03950996432113919,-0.19737000568106713,-0.03948977066986375,-4.183328449351183e-06,1.6519868110159493e-07,5.702482435279424e-05,9.107635793601647,9.107573473076327,-0.21340694689647322,0.21346926742179306,1.0712944122117448e-06,7.673589853298826e-06,0.14847186416435718,1652372.0930966623,6.463547253426131,7.414404915004376e-06,0.001556218564678989,0.001550634757814178,0.09352553960803853,0.15957808091690398,3.0,-5.630045691515667e-07,3.0392413115154874e-07,1.935289222720329e-06,0.006016760635421587,0.001657351561038332,-0.00033271742262913845,-2.1360536566806827e-09,0.004308414464474324,0.0036426657500317782,-5.710142542860597e-07,-3.734999021983329e-07,-3.410575983059825e-07,-1.5902786521698178e-08,3.3725686463296236e-07,6.225095935137367e-05
61.0,1.1303503668083006e-05,7.12157014306739e-05,0.5515746028450659,0.676028244483857,0.10719082436591063,0.9785479876067288,0.9999975639225284,0.3182416378611232,9.120227574100898e-05,0.00019974876825280181,0.00023779960641365022,0.00024806297706387833,0.00037701879382851433,0.01561091337074335,0.09392797495994708,0.0,0.04002444573249439,1.0944273088921078e-06,6.46135236216723,0.25713545114747144,0.04691310397162621,384.5693591294444,0.991610409249493,0.41981273702127864,9.787708290360214e-06,7.458863456965333e-05,2.617923053498871e-05,7.697527987671085e-06,0.15932224033246198,0.010838347963998579,0.010838347963998579,1.0,9.11100668775925,0.09599755542675056,0.011075965488010424,0.011076189352612028,613639769.1222391,0.08183308374561847,2.0211337534749215e-05,0.010838520912675021,-0.04000423439495964,0.0001385259095724658,6.360497665458359e-05,0.01648755313830203,0.01782219852150278,9.111069764854388,0.008183166054582294,0.21690279390488598,0.008183166054582294,-0.21683971680974778,0.9918168339454178,0.1973894225673349,-0.19736921122980017,0.0001385259095724658,5.701600586163006e-05,6.360497665458359e-05,0.9179306851660463,2.617923053498871e-05,-4.1343806157906005e-06,1.6539273123206475e-07,3.0,0.9179306851660463,0.06021024035894043,7.453015428714141e-06,0.0015515038185643616,0.09263623322090127,0.0015572396227502088,0.09357848961090731,2.617923053498871e-05,9.787708290360214e-06,0.991610409249493,786.0,839.0,1000.0,0.9918168339454178,0.04002444573249439,-0.19736921122980017,-0.04000423439495964,-4.1343806157906005e-06,1.6539273123206475e-07,5.701600586163006e-05,9.111069764854388,9.11100668775925,-0.21683971680974778,0.21690279390488598,1.0944273088921078e-06,7.697527987671085e-06,0.14847186416435718,1652372.0930966623,6.46135236216723,7.453015428714141e-06,0.0015572396227502088,0.0015515038185643616,0.09357848961090731,0.15932224033246198,3.0,-4.4030704445531025e-07,2.377263596719367e-07,1.920149988757766e-06,0.005905246622931186,0.0016542506379136782,-0.00033209914340127906,-2.1274993636103464e-09,0.00428144240305556,0.003606977672065683,-5.524264627324614e-07,-3.5850492699840283e-07,-3.2704817937557416e-07,-1.500253468644427e-08,3.4643724445759534e-07,6.218003369302751e-05
62.0,1.090762710163892e-05,7.142945620695916e-05,0.5551638818833455,0.6818784999198114,0.10884351765609249,0.9782161971243953,0.999997561799304,0.32250966450269064,9.31148010043241e-05,0.00019920426148137746,0.00023744753511200744,0.00024774193777518216,0.0003770042044822729,0.015611263841797831,0.09399011956447388,0.0,0.04053504724847599,1.1173776120518892e-06,6.459161549612382,0.2570482657498805,0.0459705407181879,384.43896546988736,0.9918084415262011,0.4209602570408724,9.833760128878985e-06,7.469169703090283e-05,2.6238279645325348e-05,7.720801997381036e-06,0.15906822466419784,0.010834673069415771,0.010834673069415771,1.0,9.11443584960034,0.09594649527515241,0.011075965502061018,0.011076189561777427,615766374.2966228,0.0815463666164059,2.022895285055081e-05,0.010834845478716194,-0.040514818295625435,0.00013852631352235088,6.375823202063726e-05,0.016471423688187287,0.017812770596856615,9.114499677098806,0.008198520062843693,0.22033226715128684,0.008198520062843693,-0.2202684396528216,0.9918014799371563,0.19738453946763654,-0.19736431051478598,0.00013852631352235088,5.700741750898896e-05,6.375823202063726e-05,0.9179306851660463,2.6238279645325348e-05,-4.093501656243817e-06,1.6584747579556e-07,3.0,0.9179306851660463,0.060250076643893515,7.489488794317711e-06,0.0015523944437423828,0.0926894101198018,0.0015582595038314802,0.0936327541140105,2.6238279645325348e-05,9.833760128878985e-06,0.9918084415262011,786.0,839.0,1000.0,0.9918014799371563,0.04053504724847599,-0.19736431051478598,-0.040514818295625435,-4.093501656243817e-06,1.6584747579556e-07,5.700741750898896e-05,9.114499677098806,9.11443584960034,-0.2202684396528216,0.22033226715128684,1.1173776120518892e-06,7.720801997381036e-06,0.14847186416435718,1652372.0930966623,6.459161549612382,7.489488794317711e-06,0.0015582595038314802,0.0015523944437423828,0.0936327541140105,0.15906822466419784,3.0,-3.613261002706089e-07,1.9511368417589245e-07,1.9048669674274017e-06,0.005795559726324349,0.0016511313894655892,-0.00033148201310413884,-2.1189798897198846e-09,0.004254639195746517,0.003571639240483305,-5.372435487056529e-07,-3.463781817838287e-07,-3.157054250824692e-07,-1.4192663015731444e-08,3.542440548182161e-07,6.210918884386695e-05
63.0,1.0574758973773109e-05,7.160921627659938e-05,0.5587179958522489,0.6876200007257985,0.11049308591090343,0.9778850231988053,0.9999975596846056,0.3267509719129304,9.501200667579667e-05,0.0001986736197068183,0.00023710662370700724,0.0002474313262469936,0.00037699038266140675,0.015611621514598883,0.0940521933645168,0.0,0.041041794163178213,1.14014408010956e-06,6.4569748081817115,0.25696124236641504,0.045177997556602636,384.3088141171305,0.9919738653845107,0.4220846091221638,9.879103991732097e-06,7.479282409789236e-05,2.6322902405015398e-05,7.743526904989776e-06,0.1588164713737976,0.010831005003784236,0.010831005003784236,1.0,9.117860959852168,0.09589582058368218,0.011075965516055192,0.011076189770102907,617879617.7899737,0.08126312156276032,2.0246497430057155e-05,0.010831176880362538,-0.041021547665748156,0.00013852671441974155,6.397347344855372e-05,0.016455391296726036,0.017803413790849393,9.117925531673366,0.008221852544567438,0.22375768840917232,0.008221852544567438,-0.22369311658797386,0.9917781474554326,0.1973771190488502,-0.19735687255142012,0.00013852671441974155,5.6999018305465055e-05,6.397347344855372e-05,0.9179306851660463,2.6322902405015398e-05,-4.057957972972483e-06,1.664637164138935e-07,3.0,0.9179306851660463,0.06028986754135692,7.5240433464832e-06,0.0015533033708197996,0.09274367977722504,0.0015592782092952175,0.09368813437871912,2.6322902405015398e-05,9.879103991732097e-06,0.9919738653845107,786.0,839.0,1000.0,0.9917781474554326,0.041041794163178213,-0.19735687255142012,-0.041021547665748156,-4.057957972972483e-06,1.664637164138935e-07,5.6999018305465055e-05,9.117925531673366,9.117860959852168,-0.22369311658797386,0.22375768840917232,1.14014408010956e-06,7.743526904989776e-06,0.14847186416435718,1652372.0930966623,6.4569748081817115,7.5240433464832e-06,0.0015592782092952175,0.0015533033708197996,0.09368813437871912,0.1588164713737976,3.0,-3.099678013100293e-07,1.6740569445239266e-07,1.8895295866083304e-06,0.005687757343844157,0.0016480030650882693,-0.0003308660296025414,-2.110515572582069e-09,0.004228003785210211,0.00353664702840211,-5.243499593186538e-07,-3.359145320075019e-07,-3.059433132062867e-07,-1.3466832598071038e-08,3.608744338890984e-07,6.203842471181803e-05
64.0,1.0283826283184235e-05,7.176635262129657e-05,0.5622372893454155,0.693254652152009,0.11213952382630428,0.9775544646841836,0.9999975575783941,0.3309657273853414,9.689386809827577e-05,0.00019815512951673427,0.00023677542335460183,0.00024712978959808983,0.0003769772478678191,0.015611985295040699,0.09411419644074892,0.0,0.041544716629056115,1.1627264171793092e-06,6.454792130309664,0.25687438069599683,0.04448530067424818,384.17890462088417,0.9921176414228412,0.42318903033875815,9.923803177661755e-06,7.489229893868957e-05,2.6422469484377842e-05,7.765774682616e-06,0.1585671992355981,0.010827343754413426,0.010827343754413426,1.0,9.12128201977668,0.0958455283370944,0.011075965529993199,0.011076189977592304,619979569.4351897,0.08098329076432662,2.026397159668403e-05,0.010827515104814183,-0.04152445265745943,0.0001385271122888298,6.422491879809695e-05,0.016439455222123017,0.017794127541642512,9.121347329930243,0.008249839165506976,0.22717905893759394,0.008249839165506976,-0.22711374878403134,0.9917501608344931,0.19736821864858858,-0.1973479546769919,0.0001385271122888298,5.699078279440415e-05,6.422491879809695e-05,0.9179306851660463,2.6422469484377842e-05,-4.025929201429552e-06,1.6717450652704486e-07,3.0,0.9179306851660463,0.060329613103044175,7.556880330452203e-06,0.0015542278194643686,0.09279887618680803,0.0015602957405121739,0.09374446103823038,2.6422469484377842e-05,9.923803177661755e-06,0.9921176414228412,786.0,839.0,1000.0,0.9917501608344931,0.041544716629056115,-0.1973479546769919,-0.04152445265745943,-4.025929201429552e-06,1.6717450652704486e-07,5.699078279440415e-05,9.121347329930243,9.12128201977668,-0.22711374878403134,0.22717905893759394,1.1627264171793092e-06,7.765774682616e-06,0.14847186416435718,1652372.0930966623,6.454792130309664,7.556880330452203e-06,0.0015602957405121739,0.0015542278194643686,0.09374446103823038,0.1585671992355981,3.0,-2.7539616301328624e-07,1.4875635566575893e-07,1.874191809668747e-06,0.005581866012362453,0.001644871891205313,-0.00033025119076534503,-2.1020384192223674e-09,0.00420153512084347,0.003501997643107679,-5.128829139706762e-07,-3.266502629715569e-07,-2.9729620711610773e-07,-1.2817111634300635e-08,3.664963953073684e-07,6.19677412049134e-05
65.0,1.0023152162558094e-05,7.190716644693531e-05,0.5657221030024115,0.6987843713059194,0.11378283148583454,0.9772245204372491,0.9999975554806233,0.33515409698671805,9.876040888578382e-05,0.00019764774363537652,0.000236453044723107,0.0002468364955796805,0.00037696472924319185,0.015612354271048352,0.09417612887373564,0.0,0.04204384783549851,1.1851249066294059e-06,6.452613508447155,0.2567876804382031,0.043864648006090697,384.04923653183886,0.9922458294864607,0.4242754082310122,9.967896090131858e-06,7.49902846681564e-05,2.6531116867902556e-05,7.787588142430122e-06,0.15832050691686475,0.010823689308640418,0.010823689308640418,1.0,9.124699030642354,0.09579561521645015,0.011075965543875353,0.011076190184250198,622066312.6487589,0.08070681602026954,2.0281375735553017e-05,0.010823860139297769,-0.04202356645976296,0.0001385275071559413,6.449834325623128e-05,0.01642361466119315,0.017784911237583398,9.124765073230181,0.008280646445849664,0.23059638000300886,0.008280646445849664,-0.23053033741518192,0.9917193535541503,0.19735842142999543,-0.19733814005425987,0.0001385275071559413,5.698269593023091e-05,6.449834325623128e-05,0.9179306851660463,2.6531116867902556e-05,-3.996398117764514e-06,1.6794290190154867e-07,3.0,0.9179306851660463,0.06036931338059977,7.588176892020407e-06,0.001555165471918577,0.09285486096131447,0.001561312098851209,0.09380159290337892,2.6531116867902556e-05,9.967896090131858e-06,0.9922458294864607,786.0,839.0,1000.0,0.9917193535541503,0.04204384783549851,-0.19733814005425987,-0.04202356645976296,-3.996398117764514e-06,1.6794290190154867e-07,5.698269593023091e-05,9.124765073230181,9.124699030642354,-0.23053033741518192,0.23059638000300886,1.1851249066294059e-06,7.787588142430122e-06,0.14847186416435718,1652372.0930966623,6.452613508447155,7.588176892020407e-06,0.001561312098851209,0.001555165471918577,0.09380159290337892,0.15832050691686475,3.0,-2.516249133713328e-07,1.3593589507453056e-07,1.8588833695861928e-06,0.005477884168041918,0.0016417412962677503,-0.00032963749446604675,-2.093548393591058e-09,0.004175232159746825,0.0034676877308156225,-5.023880080194736e-07,-3.182968342787198e-07,-2.894904336958441e-07,-1.223525782847732e-08,3.712500133049505e-07,6.189713823130855e-05
66.0,9.783891103839062e-06,7.2036431343176e-05,0.5691727749039831,0.7042110639594295,0.11542301058677601,0.9768951893163536,0.999997553391244,0.3393162459858702,0.00010061166699294165,0.00019715061019505024,0.00023613875963824762,0.0002465507615230213,0.0003769527621514659,0.015612727625294425,0.0942379907439718,0.0,0.04253922231273391,1.2073400039152998e-06,6.450438935055883,0.2567011412930402,0.04329497881866443,383.919809401327,0.9923629634487325,0.42534525778983956,1.0011412697311949e-05,7.508691176026103e-05,2.664374395559226e-05,7.809001413580257e-06,0.158076467453222,0.010820041653820372,0.010820041653820372,1.0,9.128111993733482,0.09574607776872661,0.011075965557701973,0.011076190390081415,624139937.3999901,0.0804336395989979,2.029871025355496e-05,0.010820211971058645,-0.04251892360248036,0.00013852789904802987,6.478136645641983e-05,0.016407868784408735,0.0177757642523221,9.128178762949712,0.008312681459735042,0.23400965288808173,0.008312681459735042,-0.23394288367185112,0.9916873185402649,0.1973482340136509,-0.19732793530339734,0.00013852789904802987,5.697474559177152e-05,6.478136645641983e-05,0.9179306851660463,2.664374395559226e-05,-3.968508562418466e-06,1.687367123812599e-07,3.0,0.9179306851660463,0.06040896842562294,7.618094621335254e-06,0.0015561142511937927,0.09291151008918794,0.0015623272856799002,0.093859403449027,2.664374395559226e-05,1.0011412697311949e-05,0.9923629634487325,786.0,839.0,1000.0,0.9916873185402649,0.04253922231273391,-0.19732793530339734,-0.04251892360248036,-3.968508562418466e-06,1.687367123812599e-07,5.697474559177152e-05,9.128178762949712,9.128111993733482,-0.23394288367185112,0.23400965288808173,1.2073400039152998e-06,7.809001413580257e-06,0.14847186416435718,1652372.0930966623,6.450438935055883,7.618094621335254e-06,0.0015623272856799002,0.0015561142511937927,0.093859403449027,0.158076467453222,3.0,-2.3345818910042615e-07,1.2613960064716707e-07,1.8436269067480245e-06,0.005375805960661624,0.0016386142558730242,-0.0003290249385811811,-2.085151771841383e-09,0.00414909386403215,0.0034337139629345473,-4.924764102003199e-07,-3.105121091425963e-07,-2.822173141404509e-07,-1.171345056773881e-08,3.7526081964562767e-07,6.182661569923933e-05
67.0,9.561013911907593e-06,7.215686119532677e-05,0.5725896396913974,0.7095366208081658,0.11706006500215962,0.9765664701820514,0.999997551310202,0.34345233857734053,0.00010244769858207433,0.00019666315564557756,0.00023583207571829183,0.00024627212463996937,0.0003769412899025968,0.015613104661727712,0.09429978213185705,0.0,0.04303087578679902,1.229372382984892e-06,6.448268402612086,0.2566147629610932,0.04276431883787522,383.79062278154623,0.9924716280312426,0.42639952990464247,1.0054373283586886e-05,7.518226045542544e-05,2.675756282015906e-05,7.830036691258157e-06,0.15783510219983257,0.01081640077733285,0.01081640077733285,1.0,9.13152091034397,0.0956969124213201,0.011075965571473423,0.011076190595091297,626200539.6309538,0.08016370429694909,2.031597560033619e-05,0.0108165705873675,-0.04301055981119868,0.00013852828799345275,6.506721984694903e-05,0.01639221673893871,0.01776668592662445,9.131588400474888,0.008345074322971536,0.23741887888571078,0.008345074322971536,-0.23735138875479223,0.9916549256770285,0.19733793304850386,-0.19731761707290352,0.00013852828799345275,5.696692400678469e-05,6.506721984694903e-05,0.9179306851660463,2.675756282015906e-05,-3.9417837636314366e-06,1.6953832632848174e-07,3.0,0.9179306851660463,0.06044857828965195,7.646775243507963e-06,0.0015570723884866086,0.09296871795980541,0.001563341302364137,0.09391778492261851,2.675756282015906e-05,1.0054373283586886e-05,0.9924716280312426,786.0,839.0,1000.0,0.9916549256770285,0.04303087578679902,-0.19731761707290352,-0.04301055981119868,-3.9417837636314366e-06,1.6953832632848174e-07,5.696692400678469e-05,9.131588400474888,9.13152091034397,-0.23735138875479223,0.23741887888571078,1.229372382984892e-06,7.830036691258157e-06,0.14847186416435718,1652372.0930966623,6.448268402612086,7.646775243507963e-06,0.001563341302364137,0.0015570723884866086,0.09391778492261851,0.15783510219983257,3.0,-2.1804619057442335e-07,1.1782886301676632e-07,1.8284352756374608e-06,0.005275612301047733,0.0016354923894620049,-0.0003284135209913792,-2.076841548075744e-09,0.004123119202557716,0.0034000730447366267,-4.82960998076556e-07,-3.0307393887007036e-07,-2.752734044094995e-07,-1.124435586576316e-08,3.7863573173368457e-07,6.175617351705014e-05
68.0,9.352021086975393e-06,7.226980422311651e-05,0.5759730286427217,0.7147629109408122,0.11869400003904391,0.9762383618970673,0.9999975492374402,0.34756253790165453,0.00010426857148578972,0.00019618499788067673,0.00023553266526442443,0.00024600027624107056,0.0003769302630167057,0.015613484788204967,0.09436150311769714,0.0,0.04351884471668816,1.2512228578294767e-06,6.446101903606335,0.2565285451435174,0.042266716873750936,383.6616762255474,0.9925731326617617,0.42743878493625287,1.0096792004485147e-05,7.527637612915793e-05,2.6871574619002124e-05,7.850708232484595e-06,0.15759639393536715,0.01081276666658144,0.01081276666658144,1.0,9.134925781777808,0.09564811552833119,0.011075965585190075,0.011076190799285466,628248219.3368311,0.07989695365114861,2.033317224950489e-05,0.010812935975520375,-0.04349851154443866,0.000138528674021269,6.535347889510273e-05,0.016376657658218195,0.017757675584894612,9.134993987201186,0.008377513787400506,0.24082405929927475,0.008377513787400506,-0.24075585387589626,0.9916224862125995,0.19732761751650282,-0.19730728434425332,0.000138528674021269,5.6959226406429217e-05,6.535347889510273e-05,0.9179306851660463,2.6871574619002124e-05,-3.916028958549385e-06,1.7034143086181653e-07,3.0,0.9179306851660463,0.06048814302416483,7.674342458235814e-06,0.0015580383790430468,0.09302639472824431,0.0015643541502681443,0.09397664565585495,2.6871574619002124e-05,1.0096792004485147e-05,0.9925731326617617,786.0,839.0,1000.0,0.9916224862125995,0.04351884471668816,-0.19730728434425332,-0.04349851154443866,-3.916028958549385e-06,1.7034143086181653e-07,5.6959226406429217e-05,9.134993987201186,9.134925781777808,-0.24075585387589626,0.24082405929927475,1.2512228578294767e-06,7.850708232484595e-06,0.14847186416435718,1652372.0930966623,6.446101903606335,7.674342458235814e-06,0.0015643541502681443,0.0015580383790430468,0.09397664565585495,0.15759639393536715,3.0,-2.043498508050236e-07,1.1044279938647802e-07,1.8133147904922512e-06,0.005177274057582422,0.001632376269144549,-0.00032780323958130856,-2.068580324068349e-09,0.004097307150801024,0.0033667617146065916,-4.7377599651034077e-07,-2.959031405527111e-07,-2.685823232284255e-07,-1.0821258658271446e-08,3.814657183924562e-07,6.168581159319243e-05
69.0,9.155250615189933e-06,7.237615694135783e-05,0.579323269742501,0.7198917729255235,0.12032482145988145,0.9759108633262686,0.9999975471729015,0.35164700606324106,0.00010607435953132301,0.00019571582473920613,0.00023524026263405286,0.0002457349661924205,0.0003769196384439437,0.015613867499521369,0.09442315378170503,0.0,0.04400316566114035,1.2728923143758762e-06,6.4439394305433515,0.2564424875420313,0.04179821575045223,383.5329692872236,0.9926683575546746,0.42846344810685827,1.013868091246142e-05,7.536929222138635e-05,2.698530562138692e-05,7.871027668775738e-06,0.15736031127479344,0.010809139308993482,0.010809139308993482,1.0,9.138326609349521,0.09559968343388597,0.011075965598852312,0.011076191002669562,630283077.9153028,0.07963333222827297,2.0350300676078663e-05,0.01080930812283891,-0.04398281536046427,0.0001385290571603921,6.56389938764098e-05,0.016361190675006854,0.01774873255482039,9.138395524533204,0.00840985257072108,0.2442251954428265,0.00840985257072108,-0.24415628025914415,0.9915901474292789,0.1973173342518006,-0.19729698395112452,0.0001385290571603921,5.695164907546303e-05,6.56389938764098e-05,0.9179306851660463,2.698530562138692e-05,-3.89113400433902e-06,1.711430284556671e-07,3.0,0.9179306851660463,0.060527662680580144,7.700903890140772e-06,0.001559010939035833,0.09308446374053744,0.0015653658307544988,0.09403590743795229,2.698530562138692e-05,1.013868091246142e-05,0.9926683575546746,786.0,839.0,1000.0,0.9915901474292789,0.04400316566114035,-0.19729698395112452,-0.04398281536046427,-3.89113400433902e-06,1.711430284556671e-07,5.695164907546303e-05,9.138395524533204,9.138326609349521,-0.24415628025914415,0.2442251954428265,1.2728923143758762e-06,7.871027668775738e-06,0.14847186416435718,1652372.0930966623,6.4439394305433515,7.700903890140772e-06,0.0015653658307544988,0.001559010939035833,0.09403590743795229,0.15736031127479344,3.0,-1.9186252195146672e-07,1.0370798817679116e-07,1.7982695542566553e-06,0.005080759603220225,0.001629266159562773,-0.00032719409223962316,-2.0603825464878857e-09,0.00407165669074626,0.0033337767433557165,-4.6484627278805046e-07,-2.890012204661849e-07,-2.6214041191641326e-07,-1.0438269105062503e-08,3.83828404464786e-07,6.161552983622344e-05
70.0,8.969771230380933e-06,7.247642068456969e-05,0.5826406877447599,0.7249250151056434,0.12195253542238295,0.9755839733366432,0.9999975451165274,0.35570590414640324,0.00010786513989375494,0.00019525537899616217,0.00023495464612153784,0.00024547598506811653,0.0003769093787240862,0.015614252363319214,0.09448473420400189,0.0,0.04448387525111016,1.2943816787250594e-06,6.441780975941854,0.2563565898589105,0.041356598167573644,383.40450152130074,0.992757814788215,0.42947383855932625,1.0180050020010729e-05,7.546103279020119e-05,2.7098851743898773e-05,7.89100420993402e-06,0.15712682158052932,0.010805518692019782,0.010805518692019782,1.0,9.141723394384265,0.09555161247488898,0.011075965612460518,0.011076191205249329,632305218.0456653,0.07937278561097214,2.036736136368878e-05,0.010805687016670104,-0.04446350788974647,0.00013852943743986566,6.592399935832546e-05,0.01634581492195294,0.01773985616108485,9.141793013884786,0.008442120951280156,0.24762228864125646,0.008442120951280156,-0.2475526691407346,0.9915578790487198,0.1973070736243291,-0.1972867062629654,0.00013852943743986566,5.694418912517833e-05,6.592399935832546e-05,0.9179306851660463,2.7098851743898773e-05,-3.867075187073627e-06,1.71943728090691e-07,3.0,0.9179306851660463,0.06056713731025762,7.726553189784553e-06,0.001559988969755797,0.09314285939563523,0.0015663763451841475,0.09409550333442214,2.7098851743898773e-05,1.0180050020010729e-05,0.992757814788215,786.0,839.0,1000.0,0.9915578790487198,0.04448387525111016,-0.1972867062629654,-0.04446350788974647,-3.867075187073627e-06,1.71943728090691e-07,5.694418912517833e-05,9.141793013884786,9.141723394384265,-0.2475526691407346,0.24762228864125646,1.2943816787250594e-06,7.89100420993402e-06,0.14847186416435718,1652372.0930966623,6.441780975941854,7.726553189784553e-06,0.0015663763451841475,0.001559988969755797,0.09409550333442214,0.15712682158052932,3.0,-1.8065396564738347e-07,9.766245635275291e-08,1.7833018013698353e-06,0.004986034555735529,0.00162616199258125,-0.00032658607685891975,-2.052247820115557e-09,0.004046166810784002,0.0033011149336015315,-4.5622302959221216e-07,-2.822974353950745e-07,-2.558889772351053e-07,-1.00902061822025e-08,3.857902336339805e-07,6.154532815480503e-05
71.0,8.794502539574242e-06,7.257117785750999e-05,0.5859256042187241,0.7298644112634838,0.12357714797035797,0.9752576907972861,0.9999975430682597,0.35973939222604007,0.00010964099187684138,0.0001948034061941501,0.00023467560149637416,0.000245223131495199,0.00037689945121499536,0.015614639008899926,0.09454624446461739,0.0,0.04496100985123436,1.3156919025220965e-06,6.43962653233448,0.2562708517969844,0.040939291760891054,383.27627248333346,0.9928420780992503,0.43047028157845435,1.0220909717647398e-05,7.555162265406116e-05,2.721203208286223e-05,7.910647499118617e-06,0.15689588651832762,0.010801904803134497,0.010801904803134497,1.0,9.14511613821796,0.09550389901487658,0.01107596562601508,0.011076191407030509,634314742.256434,0.07911526053482454,2.0384354795966396e-05,0.01080207264438648,-0.04494062549643839,0.00013852981488853694,6.620805661151906e-05,0.016330529538556307,0.01773104573281026,9.145186456678813,0.008474262963564216,0.25101534023033345,0.008474262963564216,-0.2509450217694802,0.9915257370364358,0.1972968534275925,-0.19727646907279656,0.00013852981488853694,5.693684364274141e-05,6.620805661151906e-05,0.9179306851660463,2.721203208286223e-05,-3.8437912462366756e-06,1.7274238288361062e-07,3.0,0.9179306851660463,0.06060656696449832,7.75137196251154e-06,0.0015609715291811492,0.09320152544788159,0.0015673856949164123,0.09415537595528937,2.721203208286223e-05,1.0220909717647398e-05,0.9928420780992503,786.0,839.0,1000.0,0.9915257370364358,0.04496100985123436,-0.19727646907279656,-0.04494062549643839,-3.8437912462366756e-06,1.7274238288361062e-07,5.693684364274141e-05,9.145186456678813,9.14511613821796,-0.2509450217694802,0.25101534023033345,1.3156919025220965e-06,7.910647499118617e-06,0.14847186416435718,1652372.0930966623,6.43962653233448,7.75137196251154e-06,0.0015673856949164123,0.0015609715291811492,0.09415537595528937,0.15689588651832762,3.0,-1.7051582135198116e-07,9.219386743542282e-08,1.7684140790994427e-06,0.0048930667919542025,0.0016230638615535654,-0.0003259791913357156,-2.044170799292552e-09,0.0040208365056438825,0.003268773119317666,-4.478285620310735e-07,-2.758371428813803e-07,-2.49864223830018e-07,-9.772654512484424e-09,3.8740818562947045e-07,6.147520645770335e-05
72.0,8.628714374217615e-06,7.26608212574444e-05,0.5891783376914553,0.7347117053032999,0.12519866532447124,0.974932014579322,0.99999754102804,0.36374762940937183,0.00011140199661422123,0.00019435967628589335,0.00023440293107487763,0.0002449762189440696,0.00037688982727507493,0.015615027116422533,0.0946076846434933,0.0,0.045434605813379575,1.3368239593706549e-06,6.4374760922672625,0.2561852730596155,0.04054455803385146,383.14828172967356,0.9929215437618557,0.4314530602195913,1.0261269164802645e-05,7.564108298548798e-05,2.7324933750408026e-05,7.929965901893955e-06,0.15666747441536302,0.010798297629834263,0.010798297629834263,1.0,9.148504842198024,0.09545653941866204,0.011075965639516386,0.011076191608018867,636311753.9808106,0.07886070473672085,2.0401281458265335e-05,0.010798464993384872,-0.04541420453192131,0.00013853018953512798,6.649137852639416e-05,0.01631533366593647,0.017722300602015476,9.148575854348238,0.008506306110180733,0.25440435155744723,0.008506306110180733,-0.2543333394072338,0.9914936938898192,0.19728666491397898,-0.1972662636325207,0.00013853018953512798,5.6929610054275396e-05,6.649137852639416e-05,0.9179306851660463,2.7324933750408026e-05,-3.821261363324764e-06,1.7353954512395932e-07,3.0,0.9179306851660463,0.060645951694546986,7.775431812312674e-06,0.0015619578045287586,0.09326041336812255,0.0015683938813090485,0.09421547578303562,2.7324933750408026e-05,1.0261269164802645e-05,0.9929215437618557,786.0,839.0,1000.0,0.9914936938898192,0.045434605813379575,-0.1972662636325207,-0.04541420453192131,-3.821261363324764e-06,1.7353954512395932e-07,5.6929610054275396e-05,9.148575854348238,9.148504842198024,-0.2543333394072338,0.25440435155744723,1.3368239593706549e-06,7.929965901893955e-06,0.14847186416435718,1652372.0930966623,6.4374760922672625,7.775431812312674e-06,0.0015683938813090485,0.0015619578045287586,0.09421547578303562,0.15666747441536302,3.0,-1.6151144646618944e-07,8.733674706057767e-08,1.7536080641497212e-06,0.004801823186567912,0.0016199717034172008,-0.0003253734335703024,-2.036174233236744e-09,0.00399566477613256,0.0032367481644295336,-4.3971170969737744e-07,-2.6954304372189975e-07,-2.4399885630541334e-07,-9.481733981564146e-09,3.8873143412334915e-07,6.140516465378481e-05
73.0,8.471435122989657e-06,7.27458748514018e-05,0.5923992037930026,0.739468609622643,0.12681709354117168,0.9746069435558232,0.9999975389958095,0.3677307738787954,0.00011314823686616489,0.00019392395587263282,0.00023413643958339965,0.00024473506420182105,0.00037688048156223986,0.015615416407925648,0.09466905482048668,0.0,0.04590469930702558,1.3577788423939786e-06,6.435329648299101,0.25609985335067853,0.040170083626165844,383.0205288174385,0.9929967164485871,0.4324224758075493,1.0301138174259307e-05,7.572943680070737e-05,2.7437266622375713e-05,7.948968463816045e-06,0.1564415484172738,0.010794697159637283,0.010794697159637283,1.0,9.151889507684158,0.09540953006929745,0.011075965652964821,0.011076191808220177,638296356.832344,0.07860906701013466,2.0418141837192233e-05,0.010794864051085665,-0.04588428116518839,0.00013853056140822144,6.677326023421769e-05,0.01630022645031326,0.017713620103977142,9.151961208336735,0.008538160481480152,0.2577893239823883,0.008538160481480152,-0.2577176233298122,0.9914618395185198,0.19727653666805525,-0.19725611852621805,0.00013853056140822144,5.6922485668252686e-05,6.677326023421769e-05,0.9179306851660463,2.7437266622375713e-05,-3.799413814764848e-06,1.7433337173957128e-07,3.0,0.9179306851660463,0.06068529155159402,7.798796094400422e-06,0.0015629470894392714,0.09331948098148943,0.0015694009057182988,0.09427575978280099,2.7437266622375713e-05,1.0301138174259307e-05,0.9929967164485871,786.0,839.0,1000.0,0.9914618395185198,0.04590469930702558,-0.19725611852621805,-0.04588428116518839,-3.799413814764848e-06,1.7433337173957128e-07,5.6922485668252686e-05,9.151961208336735,9.151889507684158,-0.2577176233298122,0.2577893239823883,1.3577788423939786e-06,7.948968463816045e-06,0.14847186416435718,1652372.0930966623,6.435329648299101,7.798796094400422e-06,0.0015694009057182988,0.0015629470894392714,0.09427575978280099,0.1564415484172738,3.0,-1.5332476443379725e-07,8.292042706241973e-08,1.7388859881609104e-06,0.004712273399052897,0.001616885674977641,-0.0003247688014665947,-2.0282830849984237e-09,0.003970650628864579,0.003205036961385236,-4.3179319680678716e-07,-2.6345864516955774e-07,-2.383292970429114e-07,-9.214112316824288e-09,3.898027247360992e-07,6.133520265201237e-05
74.0,8.321919113803953e-06,7.28267405084209e-05,0.5955885150947031,0.7441368063986588,0.12843243878215213,0.9742824766019349,0.999997536971508,0.3716889828370115,0.00011487979711074074,0.0001934960302333539,0.00023387594546441269,0.00024449949657837566,0.0003768713918315572,0.015615806644619224,0.09473035507536468,0.0,0.04637132638723347,1.378557565328889e-06,6.433187193002576,0.2560145923745923,0.03981409312810465,382.89301330456044,0.9930679858125833,0.43337879860226164,1.0340525769753885e-05,7.581670446184318e-05,2.7548891515992182e-05,7.96766333547223e-06,0.15621807509265345,0.010791103380084722,0.010791103380084722,1.0,9.155270136046832,0.09536286736127667,0.011075965666360784,0.011076192007640377,640268654.8803244,0.0783602971457708,2.0434936432665803e-05,0.010791269804934153,-0.046350891450800805,0.0001385309305367017,6.705336366387126e-05,0.016285207041599862,0.01770500356678748,9.155342520097346,0.00856978321183956,0.26117025887596945,0.00856978321183956,-0.261097874825456,0.9914302167881605,0.1972664823143271,-0.19724604737789445,0.0001385309305367017,5.69154680456594e-05,6.705336366387126e-05,0.9179306851660463,2.7548891515992182e-05,-3.7782008003352523e-06,1.75122975175668e-07,3.0,0.9179306851660463,0.060724586586772225,7.821520421107017e-06,0.0015639387770952017,0.09337869205649797,0.0015704067694988074,0.09433619098341352,2.7548891515992182e-05,1.0340525769753885e-05,0.9930679858125833,786.0,839.0,1000.0,0.9914302167881605,0.04637132638723347,-0.19724604737789445,-0.046350891450800805,-3.7782008003352523e-06,1.75122975175668e-07,5.69154680456594e-05,9.155342520097346,9.155270136046832,-0.261097874825456,0.26117025887596945,1.378557565328889e-06,7.96766333547223e-06,0.14847186416435718,1652372.0930966623,6.433187193002576,7.821520421107017e-06,0.0015704067694988074,0.0015639387770952017,0.09433619098341352,0.15621807509265345,3.0,-1.4579302396691452e-07,7.885707609472702e-08,1.724249504353887e-06,0.004624386774283682,0.0016138058448712355,-0.0003241652929323624,-2.020416487894883e-09,0.0039457930766069816,0.0031736364327475766,-4.240723107953135e-07,-2.575623990807003e-07,-2.3283597201085177e-07,-8.966877412330645e-09,3.9065879070638443e-07,6.126532036145145e-05
75.0,8.179576628319028e-06,7.290373598301501e-05,0.5987465800821968,0.7487179365686325,0.13004470726517156,0.9739586125955686,0.9999975349550762,0.37562241217836495,0.00011659676400781606,0.00019307570173846043,0.00023362128143685385,0.00024426935881336745,0.00037686254004385534,0.015616197640864447,0.09479158548777404,0.0,0.046834522339582296,1.3991611680937926e-06,6.4310487189685395,0.2559294898365031,0.03947518244837864,382.76573475005847,0.9931356618399942,0.4343222702897658,1.0379440480322623e-05,7.590290388404196e-05,2.7659772625313863e-05,7.9860580323852e-06,0.1559970216759457,0.010787516278748386,0.010787516278748386,1.0,9.15864672866022,0.09531654776604177,0.01107596567970467,0.011076192206285307,642228749.865859,0.07811434621652313,2.0451665736617348e-05,0.010787682242408763,-0.04681407067384568,0.0001385312969489761,6.733160201510272e-05,0.016270274606866954,0.01769645032969265,9.158719791084657,0.008601163613719461,0.2645471576127001,0.008601163613719461,-0.2644740951882625,0.9913988363862806,0.197256505245471,-0.1972360535797344,0.0001385312969489761,5.690855497896873e-05,6.733160201510272e-05,0.9179306851660463,2.7659772625313863e-05,-3.7575908405680127e-06,1.7590812317374614e-07,3.0,0.9179306851660463,0.060763836851137204,7.84364989036167e-06,0.0015649323957477057,0.09343801842625912,0.0015714114740031202,0.09439674064273243,2.7659772625313863e-05,1.0379440480322623e-05,0.9931356618399942,786.0,839.0,1000.0,0.9913988363862806,0.046834522339582296,-0.1972360535797344,-0.04681407067384568,-3.7575908405680127e-06,1.7590812317374614e-07,5.690855497896873e-05,9.158719791084657,9.15864672866022,-0.2644740951882625,0.2645471576127001,1.3991611680937926e-06,7.9860580323852e-06,0.14847186416435718,1652372.0930966623,6.4310487189685395,7.84364989036167e-06,0.0015714114740031202,0.0015649323957477057,0.09439674064273243,0.1559970216759457,3.0,-1.3885843404178779e-07,7.511559150454009e-08,1.709699817563633e-06,0.004538132826590019,0.0016107322214564737,-0.0003235629058805211,-2.0124631879838654e-09,0.003921091140343283,0.0031425435413053046,-4.165861716172199e-07,-2.5181300454614024e-07,-2.2748284023784386e-07,-8.737723327807825e-09,3.913282070938044e-07,6.119551769130477e-05
76.0,8.043907262117544e-06,7.297713092024324e-05,0.6018737045808115,0.7532136149369193,0.1316539052380244,0.9736353504164842,0.9999975329464567,0.3795312169354035,0.0001182992252289865,0.00019266278145144323,0.00023337228814141356,0.0002440445011803259,0.0003768539096404304,0.015616589229165234,0.09485274613728124,0.0,0.04729432247318515,1.419590702747838e-06,6.4289142188000445,0.2558445454420426,0.039152160147898914,382.63869271367827,0.993200007829931,0.4352531219838757,1.0417890386845683e-05,7.59880521645308e-05,2.776991804621981e-05,8.004159779184255e-06,0.15577835505347945,0.010783935843220552,0.010783935843220552,1.0,9.162019286911766,0.09527056775268149,0.011075965692996858,0.011076192404160624,644176744.5371704,0.07787116617157028,2.046833022516007e-05,0.010784101351009847,-0.04727385414295999,0.00013853166067268624,6.760799527766042e-05,0.01625542831400395,0.017687959749740224,9.162093022765244,0.008632304654582586,0.2679200215802968,0.008632304654582586,-0.2678462857268187,0.9913676953454175,0.19724660451257156,-0.1972261361823464,0.00013853166067268624,5.690174435564707e-05,6.760799527766042e-05,0.9179306851660463,2.776991804621981e-05,-3.737559915040166e-06,1.7668886227418272e-07,3.0,0.9179306851660463,0.060803042395693105,7.86522589892411e-06,0.0015659275197516937,0.09349743467661836,0.001572415020582343,0.09445738282667941,2.776991804621981e-05,1.0417890386845683e-05,0.993200007829931,786.0,839.0,1000.0,0.9913676953454175,0.04729432247318515,-0.1972261361823464,-0.04727385414295999,-3.737559915040166e-06,1.7668886227418272e-07,5.690174435564707e-05,9.162093022765244,9.162019286911766,-0.2678462857268187,0.2679200215802968,1.419590702747838e-06,8.004159779184255e-06,0.14847186416435718,1652372.0930966623,6.4289142188000445,7.86522589892411e-06,0.001572415020582343,0.0015659275197516937,0.09445738282667941,0.15577835505347945,3.0,-1.3250829948785597e-07,7.168924838513196e-08,1.6952379098647144e-06,0.004453481303638916,0.001607664787500825,-0.0003229616382274241,-2.004509489493024e-09,0.0038965438464690807,0.003111755276039409,-4.0933411643494726e-07,-2.461801200382712e-07,-2.222419310242267e-07,-8.524553366979139e-09,3.918367642102627e-07,6.112579455086656e-05
77.0,7.91438691661666e-06,7.304720789735853e-05,0.604970191692664,0.7576254290574267,0.1332600389126288,0.9733126889463457,0.9999975309455947,0.38341555125609844,0.00011998726910625886,0.00019225708510197626,0.00023312881359048595,0.00024382478148970264,0.0003768454855230871,0.015616981259616348,0.09491383710336969,0.0,0.047750762017689,1.4398472292751064e-06,6.426783685112721,0.255759758897343,0.03884377837289681,382.51188675591385,0.9932612946676554,0.43617158281765617,1.0455883536675382e-05,7.607216636156046e-05,2.787924129445247e-05,8.021975924412514e-06,0.155562037599993,0.010780362061114589,0.010780362061114589,1.0,9.16538781220162,0.09522492379823111,0.011075965706237707,0.011076192601271717,646112742.2058477,0.0776307098625697,2.048493035263776e-05,0.010780527118260321,-0.04773027708733636,0.00013853202173449663,6.788233318622663e-05,0.01624066733383066,0.017679531206746445,9.165462216617014,0.008663179912675763,0.271288852179028,0.008663179912675763,-0.2712144477636347,0.9913368200873243,0.1972367885102877,-0.19721630357993505,0.00013853202173449663,5.689503409302379e-05,6.788233318622663e-05,0.9179306851660463,2.787924129445247e-05,-3.718072635924794e-06,1.774646371435335e-07,3.0,0.9179306851660463,0.060842203271390824,7.886286192282223e-06,0.001566923768163528,0.09355691806242791,0.0015734174105860978,0.09451809432395872,2.787924129445247e-05,1.0455883536675382e-05,0.9932612946676554,786.0,839.0,1000.0,0.9913368200873243,0.047750762017689,-0.19721630357993505,-0.04773027708733636,-3.718072635924794e-06,1.774646371435335e-07,5.689503409302379e-05,9.165462216617014,9.16538781220162,-0.2712144477636347,0.271288852179028,1.4398472292751064e-06,8.021975924412514e-06,0.14847186416435718,1652372.0930966623,6.426783685112721,7.886286192282223e-06,0.0015734174105860978,0.001566923768163528,0.09451809432395872,0.155562037599993,3.0,-1.2663531317854212e-07,6.852012164842648e-08,1.6808648133985616e-06,0.004370403012259085,0.0016046035807966803,-0.0003223614878929665,-1.996877856889597e-09,0.0038721502269351165,0.0030812686527423912,-4.022024891303724e-07,-2.4072021309745816e-07,-2.1715943871172745e-07,-8.325502467288327e-09,3.9220755232164314e-07,6.105615084952573e-05
78.0,7.790556524436171e-06,7.311421434566615e-05,0.6080363416011102,0.7619549378600087,0.13486311451478236,0.9729906270688614,0.9999975289524302,0.3872755683393994,0.0001216609847585001,0.0001918584399055293,0.0002328907143692562,0.00024361006541205794,0.0003768372542998786,0.015617373603047421,0.09497485846543365,0.0,0.048203876019757834,1.4599318171020013e-06,6.4246571105356916,0.25567512990907343,0.038548944105800405,382.38531643806255,0.9933197591577703,0.43707786406544774,1.04934277859776e-05,7.615526203418251e-05,2.7987678997404585e-05,8.039513282101313e-06,0.1553480340648837,0.010776794920066503,0.010776794920066503,1.0,9.168752305940345,0.09517961239802422,0.011075965719427622,0.011076192797624517,648036846.2978921,0.07739293106940812,2.050146661802905e-05,0.010776959531707844,-0.048183374553139806,0.0001385323801625396,6.815446153893706e-05,0.016225990842216816,0.01767116404619731,9.168827374127073,0.008693770141837741,0.27465365082016824,0.008693770141837741,-0.27457858263344015,0.9913062298581623,0.19722706335132545,-0.19720656188470742,0.0001385323801625396,5.6888422257147604e-05,6.815446153893706e-05,0.9179306851660463,2.7987678997404585e-05,-3.6990982885836434e-06,1.7823503834770413e-07,3.0,0.9179306851660463,0.06088131952912413,7.906864250303425e-06,0.001567920812730968,0.09361644898460537,0.001574418645362421,0.09457885513314827,2.7987678997404585e-05,1.04934277859776e-05,0.9933197591577703,786.0,839.0,1000.0,0.9913062298581623,0.048203876019757834,-0.19720656188470742,-0.048183374553139806,-3.6990982885836434e-06,1.7823503834770413e-07,5.6888422257147604e-05,9.168827374127073,9.168752305940345,-0.27457858263344015,0.27465365082016824,1.4599318171020013e-06,8.039513282101313e-06,0.14847186416435718,1652372.0930966623,6.4246571105356916,7.906864250303425e-06,0.001574418645362421,0.001567920812730968,0.09457885513314827,0.1553480340648837,3.0,-1.2115592031922213e-07,6.556310814385781e-08,1.6665813692161068e-06,0.004288869160365473,0.0016015486256921205,-0.0003217624528008457,-1.9894749521301262e-09,0.0038479093196519864,0.003051080715943564,-3.951673080693678e-07,-2.3545294395318723e-07,-2.1225240184254752e-07,-8.138934495473008e-09,3.9246047906303974e-07,6.098658649677282e-05
79.0,7.672035653397148e-06,7.317835526510998e-05,0.6110724515668404,0.7662036720427148,0.13646313829226978,0.9726691636698108,0.9999975269669011,0.3911114204293121,0.00012332046205250152,0.00019146668040744542,0.00023265785011246796,0.00024340022096062624,0.0003768292040303413,0.015617766147819415,0.09503581030277715,0.0,0.04865369933236058,1.4798455446300183e-06,6.4225344877117605,0.2555906581844476,0.03826675155570749,382.2589813222356,0.9933755982424806,0.437972167994912,1.053053058121444e-05,7.623735404345216e-05,2.809522188441881e-05,8.05677813611871e-06,0.1551363155737174,0.010773234407735246,0.010773234407735246,1.0,9.172112769548896,0.09513463006676395,0.011075965732567005,0.011076192993225124,649949160.2965631,0.07715778448213927,2.0517939535504037e-05,0.010773398578924833,-0.048633181392825076,0.00013853273598532837,6.842435778549952e-05,0.01621139802029079,0.017662857604651108,9.172188496791623,0.008724072903483078,0.27801441892564505,0.008724072903483078,-0.27793869168291785,0.9912759270965169,0.19721742980464846,-0.19719691186511296,0.00013853273598532837,5.688190699523417e-05,6.842435778549952e-05,0.9179306851660463,2.809522188441881e-05,-3.680614658768819e-06,1.7900000033699494e-07,3.0,0.9179306851660463,0.06092039121972894,7.926989924146802e-06,0.0015689183697523482,0.0936760105040667,0.0015754187262577474,0.09463964796678821,2.809522188441881e-05,1.053053058121444e-05,0.9933755982424806,786.0,839.0,1000.0,0.9912759270965169,0.04865369933236058,-0.19719691186511296,-0.048633181392825076,-3.680614658768819e-06,1.7900000033699494e-07,5.688190699523417e-05,9.172188496791623,9.172112769548896,-0.27793869168291785,0.27801441892564505,1.4798455446300183e-06,8.05677813611871e-06,0.14847186416435718,1652372.0930966623,6.4225344877117605,7.926989924146802e-06,0.0015754187262577474,0.0015689183697523482,0.09463964796678821,0.1551363155737174,3.0,-1.1604175880311799e-07,6.28029512164676e-08,1.652388219531172e-06,0.0042088511695061,0.0015984999150639421,-0.0003211645308786116,-1.9820750730807635e-09,0.003823820168527335,0.0030211885389474953,-3.883147976839642e-07,-2.3030541925634042e-07,-2.0745927982579342e-07,-7.963403435416199e-09,3.92612761141392e-07,6.091710140220123e-05
80.0,7.558492683535548e-06,7.323980932090799e-05,0.6140788160242032,0.7703731346907735,0.13806011649826233,0.9723482976369651,0.9999975249889431,0.3949232588484477,0.0001249657915448942,0.00019108164944911787,0.00023243008643573747,0.00024319512160008485,0.0003768213242218903,0.015618158799729248,0.09509669269461728,0.0,0.0491002666142662,1.4995894985387306e-06,6.42041580929688,0.2555063434312024,0.03799641115127511,382.13288097132727,0.9934289836102677,0.43885468520182347,1.0567199160787626e-05,7.631845630047669e-05,2.8201884833882017e-05,8.073776373260537e-06,0.15492685557146713,0.010769680511801829,0.010769680511801829,1.0,9.17546920445933,0.09508997333857339,0.011075965745656289,0.011076193188079885,651849787.7284675,0.07692522567875339,2.0534349639279277e-05,0.01076984424750759,-0.04907973226462692,0.0001385330892319338,6.869205812308971e-05,0.01619688805443678,0.017654611205619255,9.175545586116721,0.008754093233614235,0.28137115792879364,0.008754093233614235,-0.28129477627140176,0.9912459067663858,0.1972078862630446,-0.19718735191340533,0.0001385330892319338,5.6875486554793736e-05,6.869205812308971e-05,0.9179306851660463,2.8201884833882017e-05,-3.662603745771474e-06,1.7975961123388362e-07,3.0,0.9179306851660463,0.06095941839398543,7.946689445274336e-06,0.0015699161998344027,0.09373558832726636,0.001576417654616964,0.09470045823679765,2.8201884833882017e-05,1.0567199160787626e-05,0.9934289836102677,786.0,839.0,1000.0,0.9912459067663858,0.0491002666142662,-0.19718735191340533,-0.04907973226462692,-3.662603745771474e-06,1.7975961123388362e-07,5.6875486554793736e-05,9.175545586116721,9.17546920445933,-0.28129477627140176,0.28137115792879364,1.4995894985387306e-06,8.073776373260537e-06,0.14847186416435718,1652372.0930966623,6.42041580929688,7.946689445274336e-06,0.001576417654616964,0.0015699161998344027,0.09470045823679765,0.15492685557146713,3.0,-1.1128922054812472e-07,6.023778317099585e-08,1.6382858640949655e-06,0.00413032083781395,0.0015954574278013909,-0.0003205677200575185,-1.9742683945187054e-09,0.003799881823255163,0.002991589222885646,-3.817935195276878e-07,-2.2517102599527323e-07,-2.02690833927305e-07,-7.797661001299942e-09,3.9267893896727997e-07,6.084769547550348e-05
81.0,7.4495569785744436e-06,7.329877649051014e-05,0.6170557264507502,0.7744648002778254,0.13965405534008454,0.972028027860232,0.9999975230185054,0.39871123394464014,0.00012659706420965058,0.0001907031909977971,0.00023220730064398872,0.00024299465360980553,0.0003768136054190104,0.0156185514766802,0.09515750572007776,0.0,0.049543612233950034,1.519164770515807e-06,6.418301067961112,0.25542218535763606,0.03773704042517725,382.00701494907116,0.9934801032856594,0.43972561066273125,1.0603440711203384e-05,7.639858323604679e-05,2.83075813431829e-05,8.090514724362612e-06,0.15471961043416432,0.010766133219970924,0.010766133219970924,1.0,9.178821612114705,0.095045638776605,0.011075965758695804,0.011076193382193794,653738831.7422028,0.0766952111476758,2.0550697350182822e-05,0.010766296525076905,-0.04952306153659985,0.0001385334399270987,6.895735188111615e-05,0.016182460138256295,0.017646424273575267,9.17889864361762,0.008783804752966144,0.2847238692727938,0.008783804752966144,-0.28464683776987876,0.9912161952470339,0.19719844110616344,-0.19717789040881326,0.0001385334399270987,5.6869159161565736e-05,6.895735188111615e-05,0.9179306851660463,2.83075813431829e-05,-3.6450354130044413e-06,1.8051331306130459e-07,3.0,0.9179306851660463,0.06099840110261395,7.96598645247413e-06,0.0015709140943485267,0.09379516999753629,0.0015774154317833048,0.09476127322924498,2.83075813431829e-05,1.0603440711203384e-05,0.9934801032856594,786.0,839.0,1000.0,0.9912161952470339,0.049543612233950034,-0.19717789040881326,-0.04952306153659985,-3.6450354130044413e-06,1.8051331306130459e-07,5.6869159161565736e-05,9.17889864361762,9.178821612114705,-0.28464683776987876,0.2847238692727938,1.519164770515807e-06,8.090514724362612e-06,0.14847186416435718,1652372.0930966623,6.418301067961112,7.96598645247413e-06,0.0015774154317833048,0.0015709140943485267,0.09476127322924498,0.15471961043416432,3.0,-1.0679325798617248e-07,5.781082051800593e-08,1.6242749008283595e-06,0.004053251085924199,0.001592421201625995,-0.000319972018272795,-1.966689553995881e-09,0.0037760933396510745,0.0029622798980007735,-3.753180791297774e-07,-2.202344514072201e-07,-1.9810118565497124e-07,-7.640669773444597e-09,3.926716946827684e-07,6.0778368626478524e-05
82.0,7.344895853023255e-06,7.33554363339954e-05,0.6200034714139455,0.7784801150365389,0.14124496102369016,0.9717083532315889,0.9999975210555393,0.4024754951134615,0.00012821437166229838,0.00019033115540801213,0.0002319893766418582,0.0002427987096823497,0.0003768060395316195,0.015618944112948003,0.09521824945819209,0.0,0.04998377026313562,1.5385724599475805e-06,6.416190256388181,0.25533818367259087,0.03748784726910299,381.88138282001444,0.9935291255855604,0.44058513140990363,1.0639262206808631e-05,7.64777486651221e-05,2.841223496520068e-05,8.106999780368628e-06,0.1545145355542872,0.01076259251997013,0.01076259251997013,1.0,9.182169993968644,0.09500162297368644,0.011075965771685879,0.011076193575571656,655616395.0669198,0.07646769826860408,2.0566983072598155e-05,0.010762755399278066,-0.049963203280063026,0.00013853378809480985,6.92200527608529e-05,0.016168113472684403,0.017638296250610502,9.182247670818693,0.008813184233749792,0.2880725544112792,0.008813184233749792,-0.2879948775612302,0.9911868157662502,0.19718910171116064,-0.19716853472808804,0.00013853378809480985,5.686292311229032e-05,6.92200527608529e-05,0.9179306851660463,2.841223496520068e-05,-3.6278821022580415e-06,1.8126061095122092e-07,3.0,0.9179306851660463,0.06103733939627698,7.984901170951272e-06,0.0015719118862721714,0.09385474554239716,0.0015784120590984026,0.0948220827651936,2.841223496520068e-05,1.0639262206808631e-05,0.9935291255855604,786.0,839.0,1000.0,0.9911868157662502,0.04998377026313562,-0.19716853472808804,-0.049963203280063026,-3.6278821022580415e-06,1.8126061095122092e-07,5.686292311229032e-05,9.182247670818693,9.182169993968644,-0.2879948775612302,0.2880725544112792,1.5385724599475805e-06,8.106999780368628e-06,0.14847186416435718,1652372.0930966623,6.416190256388181,7.984901170951272e-06,0.0015784120590984026,0.0015719118862721714,0.0948220827651936,0.1545145355542872,3.0,-1.0245944534661227e-07,5.547100255636617e-08,1.610355817596041e-06,0.003977615303645602,0.0015893912683685874,-0.00031937742346351884,-1.9601086946575107e-09,0.003752453779510876,0.0029332577231870527,-3.685629411705671e-07,-2.1570786175353723e-07,-1.938679294139225e-07,-7.491593195722268e-09,3.9260119735863005e-07,6.07091207650282e-05
83.0,7.2443510784032735e-06,7.340987371609152e-05,0.6229223366934391,0.7824205001896816,0.14283283983317135,0.9713892726450775,0.9999975190999641,0.4062161908210522,0.00012981780572876038,0.00018996540867565514,0.00023177618561259414,0.00024260716611651525,0.00037679861898731314,0.015619336648336278,0.09527892398790323,0.0,0.050420774639208035,1.5578136687451247e-06,6.414083367275446,0.25525433808545145,0.03724845494857922,381.7559841495154,0.9935761356189784,0.44143340464691905,1.0674670121468956e-05,7.655596376193468e-05,2.8516005350052594e-05,8.123235377940835e-06,0.15431162964243372,0.010759058399549907,0.010759058399549907,1.0,9.185514351482126,0.09495792253607921,0.01107596578462704,0.01107619376822141,657482580.6923766,0.07624264521684007,2.058320747542948e-05,0.010759220857782791,-0.050400191431732605,0.00013853413376855618,6.948054941366626e-05,0.016153847262645613,0.017630226356951807,9.185592669251516,0.008842281539182269,0.2914172148082521,0.008842281539182269,-0.2913388970388624,0.9911577184608177,0.19717985222059986,-0.19715926901312444,0.00013853413376855618,5.685677694039693e-05,6.948054941366626e-05,0.9179306851660463,2.8516005350052594e-05,-3.611147305336572e-06,1.8200251547714857e-07,3.0,0.9179306851660463,0.061076233325578995,8.003452531717171e-06,0.0015729094226300964,0.09391430582809762,0.0015794075379022853,0.09488287752129157,2.8516005350052594e-05,1.0674670121468956e-05,0.9935761356189784,786.0,839.0,1000.0,0.9911577184608177,0.050420774639208035,-0.19715926901312444,-0.050400191431732605,-3.611147305336572e-06,1.8200251547714857e-07,5.685677694039693e-05,9.185592669251516,9.185514351482126,-0.2913388970388624,0.2914172148082521,1.5578136687451247e-06,8.123235377940835e-06,0.14847186416435718,1652372.0930966623,6.414083367275446,8.003452531717171e-06,0.0015794075379022853,0.0015729094226300964,0.09488287752129157,0.15431162964243372,3.0,-9.843114431051136e-08,5.329599525409544e-08,1.5965286377125325e-06,0.0039033859816702456,0.0015863675230336984,-0.00031878393357260757,-1.9528425681007364e-09,0.0037289622104672068,0.002904519884786224,-3.6227170695822923e-07,-2.1109075453102198e-07,-1.8956787958191926e-07,-7.349505125534258e-09,3.9247676751456474e-07,6.0639951801157495e-05
84.0,7.147803505416366e-06,7.346215243111135e-05,0.6258126051591125,0.7862873490943458,0.14441769805196336,0.971070784996833,0.9999975171516999,0.40993346857638224,0.00013140745874228783,0.00018960582314206305,0.00023156760357392648,0.00024241990366489837,0.0003767913373469141,0.015619729036031819,0.09533952938806275,0.0,0.050854658961482696,1.576889504907454e-06,6.411980393334088,0.25517064830615244,0.037018579774800865,381.63081850375534,0.9936211992752815,0.44227057865204644,1.070967073499069e-05,7.66332389738643e-05,2.8619099629274874e-05,8.139225068228924e-06,0.1541108921646331,0.01075553084648391,0.01075553084648391,1.0,9.188854686126138,0.09491453410385174,0.011075965797519823,0.011076193960150941,659337490.9875388,0.07602001103667856,2.0599371222569215e-05,0.010755692888287606,-0.050834059590260126,0.00013853447698144734,6.973934632188631e-05,0.016139660721219147,0.01762221382164039,9.188933640456321,0.008871161168279391,0.29475785193776183,0.008871161168279391,-0.2946788976075787,0.9911288388317206,0.19717067212620745,-0.1971500727549849,0.00013853447698144734,5.685071925569908e-05,6.973934632188631e-05,0.9179306851660463,2.8619099629274874e-05,-3.5948406157914108e-06,1.8274034208062798e-07,3.0,0.9179306851660463,0.061115082941065865,8.021656632714778e-06,0.0015739065844567895,0.09397384375151828,0.00158040186953336,0.09494365024645954,2.8619099629274874e-05,1.070967073499069e-05,0.9936211992752815,786.0,839.0,1000.0,0.9911288388317206,0.050854658961482696,-0.1971500727549849,-0.050834059590260126,-3.5948406157914108e-06,1.8274034208062798e-07,5.685071925569908e-05,9.188933640456321,9.188854686126138,-0.2946788976075787,0.29475785193776183,1.576889504907454e-06,8.139225068228924e-06,0.14847186416435718,1652372.0930966623,6.411980393334088,8.021656632714778e-06,0.00158040186953336,0.0015739065844567895,0.09494365024645954,0.1541108921646331,3.0,-9.489974958766338e-08,5.138950784682055e-08,1.5827932633223114e-06,0.0038305358580889093,0.001583349833258146,-0.0003181915465468728,-1.9432294484742364e-09,0.003705617706163734,0.002876063597788303,-3.57218830097608e-07,-2.0586529172650955e-07,-1.8476149204444526e-07,-7.213635730435239e-09,3.9230567141258696e-07,6.0570861644975636e-05
85.0,7.054740326084742e-06,7.351255017589091e-05,0.6286745570165205,0.7900820286336345,0.1459995417169518,0.97075288918501,0.9999975152107443,0.41362747499095837,0.0001329834228989798,0.00018925224110572826,0.0002313635473186018,0.00024223685279733059,0.0003767841884293054,0.015620121231467088,0.09540006573743359,0.0,0.051285456505940685,1.5958010747877575e-06,6.409881327288621,0.2550871140451594,0.036797000776392245,381.50588544970896,0.9936645649851912,0.44309687762159683,1.0744270797517311e-05,7.67095918595459e-05,2.8721048773546272e-05,8.154979109046596e-06,0.1539122180702723,0.01075200984856815,0.01075200984856815,1.0,9.192190999389618,0.09487145434940594,0.011075965810364238,0.01107619415136048,661181227.7490377,0.07579975561404884,2.0615474333757017e-05,0.010752171478507934,-0.05126484103160693,0.00013853481774294993,6.999530105633929e-05,0.016125553069319436,0.0176142584255835,9.192270585987524,0.008899678373060993,0.29809446728473965,0.008899678373060993,-0.2980148806868339,0.991100321626939,0.19716160743363773,-0.19714099195930396,0.00013853481774294993,5.684474810711958e-05,6.999530105633929e-05,0.9179306851660463,2.8721048773546272e-05,-3.5788873502097412e-06,1.8347109107853134e-07,3.0,0.9179306851660463,0.06115388829322666,8.039528926736596e-06,0.0015749032584932167,0.09403335255025853,0.0015813950553284601,0.0950043940370311,2.8721048773546272e-05,1.0744270797517311e-05,0.9936645649851912,786.0,839.0,1000.0,0.991100321626939,0.051285456505940685,-0.19714099195930396,-0.05126484103160693,-3.5788873502097412e-06,1.8347109107853134e-07,5.684474810711958e-05,9.192270585987524,9.192190999389618,-0.2980148806868339,0.29809446728473965,1.5958010747877575e-06,8.154979109046596e-06,0.14847186416435718,1652372.0930966623,6.409881327288621,8.039528926736596e-06,0.0015813950553284601,0.0015749032584932167,0.0950043940370311,0.1539122180702723,3.0,-9.137791446041304e-08,4.948770563504166e-08,1.56915069312531e-06,0.003759042078974793,0.001580338458431676,-0.0003176002603368821,-1.9355934543694147e-09,0.003682419345880196,0.0028478861034150747,-3.513933109737077e-07,-2.0131188660112102e-07,-1.8054285124375598e-07,-7.083666262586877e-09,3.9209483054591994e-07,6.0501850206692886e-05
86.0,6.964699004664099e-06,7.356131746410682e-05,0.6315084696124341,0.7938058787623243,0.14757837687127134,0.9704355841098453,0.9999975132770915,0.417298355730635,0.0001345457907670417,0.00018890451151030099,0.00023116393562621642,0.00024205794523538335,0.00037677716693861404,0.015620513200294136,0.09546053311468763,0.0,0.05171320020197787,1.6145494892045007e-06,6.407786161877309,0.2550037350134847,0.036582616677771664,381.3811845551692,0.9937064558819325,0.44391251668049797,1.0778476820872402e-05,7.678503925855233e-05,2.882139454192717e-05,8.170507206875199e-06,0.15371551063162361,0.010748495393621705,0.010748495393621705,1.0,9.195523292771131,0.09482867997980221,0.011075965823160328,0.011076194341850596,663013892.0873451,0.07558183966708341,2.063151685629653e-05,0.010748656616184144,-0.05169256868512158,0.00013853515606346116,7.024729695154741e-05,0.016111523536157458,0.01760635992802729,9.19560350740792,0.00892769192488148,0.3014270623441284,0.00892769192488148,-0.30134684770733955,0.9910723080751185,0.19715270302601057,-0.19713207150915427,0.00013853515606346116,5.683886162319467e-05,7.024729695154741e-05,0.9179306851660463,2.882139454192717e-05,-3.563216747033693e-06,1.8419182643601467e-07,3.0,0.9179306851660463,0.06119264943249207,8.057082653464911e-06,0.001575899357450736,0.094092827012542,0.0015823870966228065,0.09506510357181505,2.882139454192717e-05,1.0778476820872402e-05,0.9937064558819325,786.0,839.0,1000.0,0.9910723080751185,0.05171320020197787,-0.19713207150915427,-0.05169256868512158,-3.563216747033693e-06,1.8419182643601467e-07,5.683886162319467e-05,9.19560350740792,9.195523292771131,-0.30134684770733955,0.3014270623441284,1.6145494892045007e-06,8.170507206875199e-06,0.14847186416435718,1652372.0930966623,6.407786161877309,8.057082653464911e-06,0.0015823870966228065,0.001575899357450736,0.09506510357181505,0.15371551063162361,3.0,-8.738974287854221e-08,4.733284126891472e-08,1.5556017931268796e-06,0.003688882228149251,0.001577333651351194,-0.0003170100728970758,-1.933949753541841e-09,0.0036593662148350268,0.002819984671034623,-3.429386918508421e-07,-1.9860526602418587e-07,-1.7792055795886872e-07,-6.9593799357027365e-09,3.9184959772176146e-07,6.0432917396623274e-05
87.0,6.8783052923176534e-06,7.360811318868063e-05,0.6343146177007719,0.79746022264671,0.1491542101609141,0.9701188686735824,0.9999975113505377,0.420946255579712,0.00013609465499613593,0.00018856258658647032,0.00023096860768312508,0.000241883008747291,0.0003767702677374122,0.015620904909210986,0.09552093159840849,0.0,0.05213792326953898,1.6331358599536312e-06,6.405694889851665,0.25492051092266826,0.036376917362661076,381.2567153887179,0.9937465880767203,0.4447174735714762,1.0812293952614253e-05,7.685957613290522e-05,2.8921536253891417e-05,8.185800798124444e-06,0.15352093000004954,0.010744987469485882,0.010744987469485882,1.0,9.198851567761329,0.0947862076730461,0.011075965835909439,0.011076194531641366,664835587.1464567,0.07536622444069584,2.0647500481623213e-05,0.010745148289092522,-0.05211727576905736,0.0001385354920129945,7.049874271241474e-05,0.016097571346180964,0.017598516696290523,9.198932406278193,0.008955634997676602,0.30475563862125377,0.008955634997676602,-0.3046748001043902,0.9910443650023234,0.1971438212085289,-0.1971231737080473,0.0001385354920129945,5.683305971921875e-05,7.049874271241474e-05,0.9179306851660463,2.8921536253891417e-05,-3.5479881708927204e-06,1.849114779277693e-07,3.0,0.9179306851660463,0.06123136640923621,8.074330656469435e-06,0.0015768947966985226,0.09415226208528357,0.0015833779947500518,0.09512577369133267,2.8921536253891417e-05,1.0812293952614253e-05,0.9937465880767203,786.0,839.0,1000.0,0.9910443650023234,0.05213792326953898,-0.1971231737080473,-0.05211727576905736,-3.5479881708927204e-06,1.849114779277693e-07,5.683305971921875e-05,9.198932406278193,9.198851567761329,-0.3046748001043902,0.30475563862125377,1.6331358599536312e-06,8.185800798124444e-06,0.14847186416435718,1652372.0930966623,6.405694889851665,8.074330656469435e-06,0.0015833779947500518,0.0015768947966985226,0.09512577369133267,0.15352093000004954,3.0,-8.432427348477098e-08,4.5677266692486444e-08,1.5421443302114983e-06,0.0036200234620499708,0.0015743345895534353,-0.0003164209821856268,-1.927119275301533e-09,0.003636457403782823,0.0027923565955430955,-3.3716823889780093e-07,-1.944271504732286e-07,-1.7400834681121093e-07,-6.839463272627182e-09,3.9157516511691035e-07,6.0364063125181494e-05
88.0,6.796063381386055e-06,7.365266239155783e-05,0.6370932732360847,0.8010463564579372,0.1507270481401516,0.9698027417805278,0.9999975094309077,0.42457131839155,0.00013763010844219698,0.00018822641075495595,0.00023077741944452058,0.00024171189090181933,0.00037676348637647307,0.015621296332628279,0.09558126126708948,0.0,0.05255965851180298,1.6515613013063637e-06,6.403607503976825,0.254837441484792,0.036181103289014416,381.13247751974745,0.9937847354995644,0.445511747158627,1.0845727429393138e-05,7.693319942616391e-05,2.902276050491864e-05,8.200853592974064e-06,0.15332859629296974,0.010741486064024834,0.010741486064024834,1.0,9.202175825863506,0.09474403414881971,0.01107596584861273,0.011076194720750053,666646415.0655031,0.0751528720097322,2.0663426663432505e-05,0.010741646485031862,-0.052538995085139546,0.00013853582565257126,7.075277387263339e-05,0.016083695733554036,0.01759072730755083,9.202257284169535,0.00898390539475015,0.3080801976315577,0.00898390539475015,-0.30799873932552835,0.9910160946052499,0.197134835540417,-0.19711417211375357,0.00013853582565257126,5.6827342154862294e-05,7.075277387263339e-05,0.9179306851660463,2.902276050491864e-05,-3.533342614848422e-06,1.8563827027563536e-07,3.0,0.9179306851660463,0.061270039273775306,8.091284058817293e-06,0.0015778895112053839,0.0942116538856409,0.001584367751042248,0.09518640043042031,2.902276050491864e-05,1.0845727429393138e-05,0.9937847354995644,786.0,839.0,1000.0,0.9910160946052499,0.05255965851180298,-0.19711417211375357,-0.052538995085139546,-3.533342614848422e-06,1.8563827027563536e-07,5.6827342154862294e-05,9.202257284169535,9.202175825863506,-0.30799873932552835,0.3080801976315577,1.6515613013063637e-06,8.200853592974064e-06,0.14847186416435718,1652372.0930966623,6.403607503976825,8.091284058817293e-06,0.001584367751042248,0.0015778895112053839,0.09518640043042031,0.15332859629296974,3.0,-8.345718171959147e-08,4.521223269465544e-08,1.5287763736624541e-06,0.0035524341033547472,0.0015713405168897338,-0.00031583298616454526,-1.9061210294077195e-09,0.0036136920093244804,0.00276499919939796,-3.384118270141677e-07,-1.8609633694667378e-07,-1.6645953391797383e-07,-6.7228478724234225e-09,3.912755410118388e-07,6.0295287302885175e-05
89.0,6.715265415477595e-06,7.369643721791982e-05,0.6398447056251194,0.804565535905829,0.1522968955063497,0.9694872023369991,0.9999975075185149,0.42817368714552806,0.00013915224357915443,0.00018789562884745077,0.0002305903963945657,0.00024154467361257547,0.000376756818493045,0.015621687445808321,0.09564152219913534,0.0,0.05297843725847038,1.6698269229498531e-06,6.401523997031205,0.2547545264124663,0.03598872717970856,381.0084705184407,0.9938221605249247,0.44629605079807333,1.087878572077769e-05,7.700597244192554e-05,2.9120495979997035e-05,8.215707913507336e-06,0.15313800925022378,0.01073799116512499,0.01073799116512499,1.0,9.205496068637293,0.09470215627415296,0.011075965861268132,0.01107619490914578,668446472.4181957,0.07494174572987863,2.0679292801158058e-05,0.010738151191794517,-0.05295775796566922,0.0001385361568960377,7.099825172931793e-05,0.016069895963753956,0.01758299377504052,9.20557814269109,0.00901109028982355,0.3114007409018775,0.00901109028982355,-0.31131866684808074,0.9909889097101765,0.19712619507704185,-0.19710551578424068,0.0001385361568960377,5.682170337596367e-05,7.099825172931793e-05,0.9179306851660463,2.9120495979997035e-05,-3.518709660664514e-06,1.863429745609334e-07,3.0,0.9179306851660463,0.061308668076368804,8.10795376738752e-06,0.001578883438104232,0.09427099865998469,0.0015853563668298757,0.09524697995561109,2.9120495979997035e-05,1.087878572077769e-05,0.9938221605249247,786.0,839.0,1000.0,0.9909889097101765,0.05297843725847038,-0.19710551578424068,-0.05295775796566922,-3.518709660664514e-06,1.863429745609334e-07,5.682170337596367e-05,9.20557814269109,9.205496068637293,-0.31131866684808074,0.3114007409018775,1.6698269229498531e-06,8.215707913507336e-06,0.14847186416435718,1652372.0930966623,6.401523997031205,8.10795376738752e-06,0.0015853563668298757,0.001578883438104232,0.09524697995561109,0.15313800925022378,3.0,-8.018588144932432e-08,4.3444447742517825e-08,1.515505258761848e-06,0.003486117090141298,0.001568354066561156,-0.0003152460827995819,-1.899379919079354e-09,0.0035910691335494984,0.0027379098301412177,-3.3258358174719524e-07,-1.8216277057103526e-07,-1.6287446657895703e-07,-6.611461274900732e-09,3.90954602877489e-07,6.022658984035289e-05
90.0,6.633876108304631e-06,7.374054413432535e-05,0.6425691815273603,0.8080189950539893,0.15386375732009688,0.9691722492513613,0.9999975056135653,0.43175350390289285,0.0001406611531034062,0.00018756995164846633,0.00023040752744578824,0.0002413813881437904,0.00037675026027521574,0.015622078229922287,0.09570171447286108,0.0,0.05339429072276533,1.6879338372408744e-06,6.399444361806738,0.25467176541883957,0.035794943115011024,380.884693955785,0.9938598072222051,0.44707095342221076,1.0911476371695884e-05,7.707794535903118e-05,2.9211007436326754e-05,8.23039552350162e-06,0.1529488164512538,0.010734502760695458,0.010734502760695458,1.0,9.208812297642327,0.09466057092772347,0.011075965873874275,0.01107619509680826,670235856.0150733,0.07473280960799843,2.0695097186462695e-05,0.010734662397203904,-0.05337359562557887,0.0001385364856899098,7.1226070442133e-05,0.01605617130576767,0.017575317349300453,9.208894983454297,0.009036036862997254,0.3147172699689573,0.009036036862997254,-0.31463458415698753,0.9909639631370027,0.19711826619930362,-0.19709757110211715,0.0001385364856899098,5.681613893017317e-05,7.1226070442133e-05,0.9179306851660463,2.9211007436326754e-05,-3.5036361869270166e-06,1.8700166106018763e-07,3.0,0.9179306851660463,0.061347252867218635,8.124349311960668e-06,0.0015798765295438717,0.09433029355124525,0.0015863438434418247,0.09530750934847125,2.9211007436326754e-05,1.0911476371695884e-05,0.9938598072222051,786.0,839.0,1000.0,0.9909639631370027,0.05339429072276533,-0.19709757110211715,-0.05337359562557887,-3.5036361869270166e-06,1.8700166106018763e-07,5.681613893017317e-05,9.208894983454297,9.208812297642327,-0.31463458415698753,0.3147172699689573,1.6879338372408744e-06,8.23039552350162e-06,0.14847186416435718,1652372.0930966623,6.399444361806738,8.124349311960668e-06,0.0015863438434418247,0.0015798765295438717,0.09530750934847125,0.1529488164512538,3.0,-7.074847582798211e-08,3.8335137373448356e-08,1.502336470256255e-06,0.003421070903152351,0.001565377384877614,-0.00031466027006029544,-1.9269754058474226e-09,0.003568587884313248,0.0027110858623631863,-3.09605713499421e-07,-1.8869328740558284e-07,-1.6869075475416364e-07,-6.506667689365129e-09,3.906153211439851e-07,6.015797064830555e-05
91.0,6.56095206725965e-06,7.378006292408156e-05,0.6452669650132928,0.811408008852805,0.155427644977397,0.9688578814340034,0.9999975037147915,0.43531090984081977,0.0001421569347908788,0.00018725008691845618,0.00023022833412254028,0.00024122139183658487,0.00037674380799444486,0.015622468668805354,0.09576183816649263,0.0,0.05380725446502293,1.7058832174905454e-06,6.397368591108724,0.25458915821759204,0.035621314445856304,380.76114740356337,0.9938934927417271,0.44783464988913974,1.0943793458033985e-05,7.71489477609419e-05,2.9311669728266834e-05,8.244793285533438e-06,0.15276253368415507,0.01073102083866776,0.01073102083866776,1.0,9.212124514309897,0.09461927455349771,0.01107596588643955,0.011076195283862339,672014682.131762,0.07452602631781056,2.0710850333463104e-05,0.010731180089196317,-0.053786543614689465,0.00013853681242258591,7.147857722309611e-05,0.016042520940833218,0.017567688964039072,9.212207807994934,0.009064113648125765,0.31802978637717416,0.009064113648125765,-0.31794649269213693,0.9909358863518742,0.19710934261134688,-0.19708863176101343,0.00013853681242258591,5.681066200105598e-05,7.147857722309611e-05,0.9179306851660463,2.9311669728266834e-05,-3.490194545993543e-06,1.87725501171833e-07,3.0,0.9179306851660463,0.06138579369646963,8.140480013887886e-06,0.0015808687444429387,0.09438953610656187,0.0015873301822054054,0.09536798610304924,2.9311669728266834e-05,1.0943793458033985e-05,0.9938934927417271,786.0,839.0,1000.0,0.9909358863518742,0.05380725446502293,-0.19708863176101343,-0.053786543614689465,-3.490194545993543e-06,1.87725501171833e-07,5.681066200105598e-05,9.212207807994934,9.212124514309897,-0.31794649269213693,0.31802978637717416,1.7058832174905454e-06,8.244793285533438e-06,0.14847186416435718,1652372.0930966623,6.397368591108724,8.140480013887886e-06,0.0015873301822054054,0.0015808687444429387,0.09536798610304924,0.15276253368415507,3.0,-7.256794459230105e-08,3.932490202744271e-08,1.4892434767566166e-06,0.003357171309232596,0.0015624004113702723,-0.00031407554592000986,-1.8965311835903147e-09,0.003546247375023066,0.0026845246961443034,-3.163135753371024e-07,-1.772263552046072e-07,-1.583276692214222e-07,-6.400339854913007e-09,3.902602572539375e-07,6.008942963756558e-05
92.0,6.4879723132370085e-06,7.381961333832223e-05,0.6479383176622016,0.8147337298490436,0.15698855976182036,0.9685440977973294,0.9999975018231302,0.4388460452726077,0.00014363967138008451,0.00018693536370391404,0.00023005317266516827,0.0002410651807517194,0.00037673745879258805,0.015622858745883433,0.09582189335816696,0.0,0.05421735656503984,1.7236760565610141e-06,6.395296677755766,0.25450670452293356,0.03544755312675478,380.63783043435046,0.9939271611769906,0.4485886215176418,1.0975760681516834e-05,7.721911459861922e-05,2.9406649096158068e-05,8.259006064913339e-06,0.15257775686955133,0.010727545386995737,0.010727545386995737,1.0,9.215432720288675,0.09457826434349602,0.011075965898957757,0.011076195470215738,673783035.5737553,0.0743213624224742,2.0726544470831693e-05,0.01072770425559852,-0.054196630020569014,0.0001385371368206303,7.171717677369183e-05,0.016028944204294633,0.017560115004946544,9.215516617984564,0.00909042803163066,0.32133829168507866,0.00909042803163066,-0.3212543939891894,0.9909095719683694,0.19710097933569398,-0.19708025279122315,0.0001385371368206303,5.6805261341034245e-05,7.171717677369183e-05,0.9179306851660463,2.9406649096158068e-05,-3.4764737361895055e-06,1.8841316085648788e-07,3.0,0.9179306851660463,0.061424290614209585,8.15635301852987e-06,0.0015818600406798833,0.09444872381096699,0.0015883153844463505,0.09542840764986288,2.9406649096158068e-05,1.0975760681516834e-05,0.9939271611769906,786.0,839.0,1000.0,0.9909095719683694,0.05421735656503984,-0.19708025279122315,-0.054196630020569014,-3.4764737361895055e-06,1.8841316085648788e-07,5.6805261341034245e-05,9.215516617984564,9.215432720288675,-0.3212543939891894,0.32133829168507866,1.7236760565610141e-06,8.259006064913339e-06,0.14847186416435718,1652372.0930966623,6.395296677755766,8.15635301852987e-06,0.0015883153844463505,0.0015818600406798833,0.09542840764986288,0.15257775686955133,3.0,-6.972570178064621e-08,3.778835840773646e-08,1.476249241107141e-06,0.0032944882476313928,0.0015594322928262467,-0.00031349190835579623,-1.8838639107064768e-09,0.0035240467245114377,0.0026582237560922556,-3.149733599450202e-07,-1.7248709574310815e-07,-1.5325742107418246e-07,-6.2984735655575145e-09,3.898920353755428e-07,6.002096671905685e-05
93.0,6.41781282458289e-06,7.38576396465344e-05,0.6505834984201966,0.8179973532309406,0.15854650949921867,0.9682308972557727,0.9999974999384276,0.4423590496180948,0.00014510946118945496,0.0001866255210905727,0.0002298816840300373,0.000240912403019674,0.00037673120920935735,0.015623248448988776,0.09588188012593181,0.0,0.05462462952533018,1.7413135342734596e-06,6.393228614579867,0.2544244040496069,0.03528050672519736,380.5147426215187,0.9939594885051409,0.449333384988329,1.10073611624705e-05,7.728849148652324e-05,2.9501682611627048e-05,8.273039242227537e-06,0.15239481341057923,0.010724076393655711,0.010724076393655711,1.0,9.21873691713483,0.09453753704746698,0.011075965911429918,0.01107619565588362,675541020.9086146,0.0741187830847515,2.074218087513335e-05,0.010724234884325806,-0.05460388734445505,0.00013853745893804985,7.195586210744346e-05,0.016015440342167647,0.017552594212777776,9.218821415042129,0.009116754836447027,0.3246427874593838,0.009116754836447027,-0.3245582895520851,0.990883245163553,0.1970926122785867,-0.19707187009771157,0.00013853745893804985,5.679993295485614e-05,7.195586210744346e-05,0.9179306851660463,2.9501682611627048e-05,-3.4631486329706165e-06,1.8910137781183106e-07,3.0,0.9179306851660463,0.061462743670469104,8.17197697660659e-06,0.0015828503873307883,0.09450785481807444,0.0015892994514888114,0.09548877210183053,2.9501682611627048e-05,1.10073611624705e-05,0.9939594885051409,786.0,839.0,1000.0,0.990883245163553,0.05462462952533018,-0.19707187009771157,-0.05460388734445505,-3.4631486329706165e-06,1.8910137781183106e-07,5.679993295485614e-05,9.218821415042129,9.21873691713483,-0.3245582895520851,0.3246427874593838,1.7413135342734596e-06,8.273039242227537e-06,0.14847186416435718,1652372.0930966623,6.393228614579867,8.17197697660659e-06,0.0015892994514888114,0.0015828503873307883,0.09548877210183053,0.15239481341057923,3.0,-6.79980103031406e-08,3.6855566039439955e-08,1.4633477823750183e-06,0.003232966179139852,0.001556469695692305,-0.00031290935534850073,-1.88173934355558e-09,0.003501985057221779,0.002632180492739782,-3.068138547731184e-07,-1.6953520951137926e-07,-1.5104012791065245e-07,-6.200868176001978e-09,3.8951260325843813e-07,5.995258180380491e-05
94.0,6.350340903678783e-06,7.389421191541148e-05,0.6532027636995261,0.8212000346608851,0.16010150025668915,0.9679182787257851,0.9999974980604246,0.44585006142499706,0.00014656639587805182,0.00018632084210329768,0.0002297139760359416,0.0002407631263167962,0.00037672505638600536,0.015623637767835662,0.09594179854774602,0.0,0.05502910430390931,1.758796750536622e-06,6.391164394426359,0.25434225651288567,0.03511985929447329,380.3918835392335,0.9939905404113626,0.45006815217347945,1.1038616894642298e-05,7.735700252805106e-05,2.9596796593786583e-05,8.286862710640957e-06,0.15221372193245147,0.010720613846646354,0.010720613846646354,1.0,9.222037106404626,0.09449708956960907,0.011075965923857739,0.0110761958408915,677288736.7621217,0.07391825469457267,2.0757761695741394e-05,0.010720771963325064,-0.055008346542213565,0.0001385377788600009,7.219468946692625e-05,0.016002008633151397,0.017545124601078998,9.222122200787974,0.009143100406665624,0.3279432752766436,0.009143100406665624,-0.3278581808932959,0.9908568995933343,0.19708423942407255,-0.1970634816623768,0.0001385377788600009,5.679468243094039e-05,7.219468946692625e-05,0.9179306851660463,2.9596796593786583e-05,-3.450209128830216e-06,1.8979029940180128e-07,3.0,0.9179306851660463,0.06150115291522181,8.187359034986588e-06,0.0015838397582544207,0.0945669275670596,0.0015902823846553646,0.0955490778632985,2.9596796593786583e-05,1.1038616894642298e-05,0.9939905404113626,786.0,839.0,1000.0,0.9908568995933343,0.05502910430390931,-0.1970634816623768,-0.055008346542213565,-3.450209128830216e-06,1.8979029940180128e-07,5.679468243094039e-05,9.222122200787974,9.222037106404626,-0.3278581808932959,0.3279432752766436,1.758796750536622e-06,8.286862710640957e-06,0.14847186416435718,1652372.0930966623,6.391164394426359,8.187359034986588e-06,0.0015902823846553646,0.0015838397582544207,0.0955490778632985,0.15221372193245147,3.0,-6.736794201807182e-08,3.6517523018703043e-08,1.4505364072493669e-06,0.0031725833742368014,0.0015535125967595265,-0.00031232788488272373,-1.874600690605563e-09,0.003480061503074433,0.0026063923815668904,-3.02318241732585e-07,-1.6596298211406816e-07,-1.4765104103894003e-07,-6.105237914164787e-09,3.891236196855171e-07,5.988427480293671e-05
95.0,6.2841055191299525e-06,7.393011641470435e-05,0.655796367173625,0.8243428988350392,0.1616535373210253,0.967606241126018,0.9999974961891391,0.4493192182943479,0.00014801056586735706,0.00018602103735472706,0.00022954986346582318,0.0002406171913426683,0.00037671899777548025,0.015624026693640616,0.09600164870147126,0.0,0.05543081091370085,1.7761267904082847e-06,6.389104010155097,0.2542602616286212,0.03496215599792846,380.26925276252507,0.9940209879389053,0.4507935140525486,1.1069531433726115e-05,7.742470034676926e-05,2.968923910839318e-05,8.30049590763383e-06,0.1520344438450221,0.010717157733990706,0.010717157733990706,1.0,9.225333289688425,0.09445691890862992,0.011075965936241109,0.011076196025237616,679026278.3718734,0.07371974458257749,2.0773286783878287e-05,0.010717315480551921,-0.05541003762691697,0.00013853809658855517,7.242695035735205e-05,0.015988648376337924,0.017537706122999545,9.225418976865537,0.00916861572398166,0.331239756722022,0.00916861572398166,-0.33115406954491,0.9908313842760184,0.19707613059004117,-0.1970553573032573,0.00013853809658855517,5.6789505217953235e-05,7.242695035735205e-05,0.9179306851660463,2.968923910839318e-05,-3.4373245715488295e-06,1.904622838454469e-07,3.0,0.9179306851660463,0.06153951839837901,8.20250556129934e-06,0.0015848281311271048,0.09462594072503423,0.001591264185266874,0.09560932357123117,2.968923910839318e-05,1.1069531433726115e-05,0.9940209879389053,786.0,839.0,1000.0,0.9908313842760184,0.05543081091370085,-0.1970553573032573,-0.05541003762691697,-3.4373245715488295e-06,1.904622838454469e-07,5.6789505217953235e-05,9.225418976865537,9.225333289688425,-0.33115406954491,0.331239756722022,1.7761267904082847e-06,8.30049590763383e-06,0.14847186416435718,1652372.0930966623,6.389104010155097,8.20250556129934e-06,0.001591264185266874,0.0015848281311271048,0.09560932357123117,0.1520344438450221,3.0,-6.506678005413621e-08,3.527344953868335e-08,1.437819393107972e-06,0.0031133346777463106,0.001550562573805837,-0.000311747494947157,-1.868014027478753e-09,0.003458275197934909,0.0025808569250187164,-2.9779370956389527e-07,-1.6277668777564446e-07,-1.4471719019694065e-07,-6.012384705681916e-09,3.887265127617408e-07,5.981604562768994e-05
96.0,6.219845175380187e-06,7.396495358453452e-05,0.6583645601612164,0.8274270632047038,0.163202627223797,0.9672947833770232,0.9999974943245058,0.45276665701174434,0.00014944206484072297,0.00018572593484392246,0.00022938917129251105,0.00024047442830635906,0.00037671303074452296,0.015624415218937803,0.09606143066488543,0.0,0.05582978008326944,1.7933047780886757e-06,6.387047454638484,0.25417841911316413,0.034809155179476636,380.14684986717015,0.9940504942901974,0.45150978611203835,1.1100102028671875e-05,7.74916120516047e-05,2.9780699167845357e-05,8.313942760386007e-06,0.15185701440515934,0.010713708043732853,0.010713708043732853,1.0,9.228625468579882,0.09441702199167307,0.011075965948580457,0.011076196208928411,680753744.7550135,0.07352322028186704,2.0788756682372923e-05,0.01071386542398847,-0.05580899132658707,0.00013853841215060215,7.2656765978657e-05,0.015975358857275863,0.017530338152394433,9.228711744924409,0.009193823264558821,0.3345322333917391,0.009193823264558821,-0.3344459570472118,0.9908061767354411,0.19706811972168758,-0.1970473309650052,0.00013853841215060215,5.678439880822666e-05,7.2656765978657e-05,0.9179306851660463,2.9780699167845357e-05,-3.424683913550692e-06,1.9112815482765285e-07,3.0,0.9179306851660463,0.06157784016979835,8.217423138692592e-06,0.001585815486973606,0.09468489315903672,0.0015922448546427134,0.09566950806663091,2.9780699167845357e-05,1.1100102028671875e-05,0.9940504942901974,786.0,839.0,1000.0,0.9908061767354411,0.05582978008326944,-0.1970473309650052,-0.05580899132658707,-3.424683913550692e-06,1.9112815482765285e-07,5.678439880822666e-05,9.228711744924409,9.228625468579882,-0.3344459570472118,0.3345322333917391,1.7933047780886757e-06,8.313942760386007e-06,0.14847186416435718,1652372.0930966623,6.387047454638484,8.217423138692592e-06,0.0015922448546427134,0.001585815486973606,0.09566950806663091,0.15185701440515934,3.0,-6.278807132044451e-08,3.4041273797795046e-08,1.42519513661009e-06,0.0030551894230247878,0.0015476186375867746,-0.0003111681835340267,-1.8613286286892853e-09,0.0034366252827896598,0.0025555716487238307,-2.928687644277807e-07,-1.5911238035410853e-07,-1.4130529539670554e-07,-5.9221455885745696e-09,3.8832250825736426e-07,5.974789418939779e-05
97.0,6.157563417007648e-06,7.399872122812952e-05,0.6609075912177141,0.8304536177513783,0.16474877605099672,0.9669839044016086,0.9999974924664718,0.45619251340086425,0.00015086098493143397,0.00018543555985939175,0.00022923194652707483,0.0002403348851007722,0.0003767071528833527,0.015624803337518079,0.09612114451566665,0.0,0.05622604180309442,1.8103318191772077e-06,6.384994720763822,0.25409672868345823,0.034660865278589637,380.0246744298322,0.9940790609116593,0.4522168087955904,1.1130338228959109e-05,7.755772044656737e-05,2.9871389566995378e-05,8.327203930273022e-06,0.1516813529794785,0.010710264763941867,0.010710264763941867,1.0,9.231913644681127,0.09437739581969057,0.011075965960876132,0.011076196391969079,682471232.4144549,0.07332865014855265,2.0804171828653034e-05,0.010710421781642698,-0.05620523763126577,0.0001385387255690947,7.288465275954104e-05,0.01596213937765663,0.017523020154857318,9.232000506620787,0.009218788710801626,0.3378207068893815,0.009218788710801626,-0.3377338449497209,0.9907812112891984,0.1970601859403788,-0.19703938176855015,0.0001385387255690947,5.6779364172078825e-05,7.288465275954104e-05,0.9179306851660463,2.9871389566995378e-05,-3.412302348934035e-06,1.917892643915638e-07,3.0,0.9179306851660463,0.06161611827927349,8.232117791618295e-06,0.001586801810012258,0.09474378392678504,0.0015932243941005032,0.0957296303851109,2.9871389566995378e-05,1.1130338228959109e-05,0.9940790609116593,786.0,839.0,1000.0,0.9907812112891984,0.05622604180309442,-0.19703938176855015,-0.05620523763126577,-3.412302348934035e-06,1.917892643915638e-07,5.6779364172078825e-05,9.232000506620787,9.231913644681127,-0.3377338449497209,0.3378207068893815,1.8103318191772077e-06,8.327203930273022e-06,0.14847186416435718,1652372.0930966623,6.384994720763822,8.232117791618295e-06,0.0015932243941005032,0.001586801810012258,0.0957296303851109,0.1516813529794785,3.0,-6.072405700398236e-08,3.292523844567274e-08,1.412662396361036e-06,0.0029981259991572365,0.001544680653895437,-0.00031058994863975557,-1.8547496709873153e-09,0.0034151109046659874,0.0025305341055171086,-2.881238945169838e-07,-1.556218566146813e-07,-1.3806317530165827e-07,-5.8341915010540425e-09,3.879126389491811e-07,5.9679820399507195e-05
98.0,6.097400153396108e-06,7.403134375712292e-05,0.6634257077541195,0.833423643791634,0.16629198995841615,0.966673603123527,0.99999749061498,0.4595969228849286,0.00015226741844626384,0.0001851497977330907,0.00022907808708966587,0.00024019846485694504,0.0003767013618442511,0.01562519104357806,0.0961807903314513,0.0,0.05661962649454261,1.827209021355166e-06,6.382945801424649,0.2540151900566952,0.03451761941284787,379.9027260275461,0.994106626761808,0.4529147649284768,1.1160242544934081e-05,7.76230403624721e-05,2.9961827960234986e-05,8.340283325459378e-06,0.15150745260906176,0.010706827882697292,0.010706827882697292,1.0,9.235197819614953,0.09433803735054574,0.011075965973128517,0.011076196574365267,684178840.3913684,0.07313600284262975,2.0819532698046794e-05,0.01070698454153375,-0.056598806961844564,0.00013853903686821735,7.311187444235723e-05,0.015948989231420577,0.017515751567283164,9.235285263631477,0.009243672096326785,0.3411051788396975,0.009243672096326785,-0.34101773482317377,0.9907563279036732,0.19705227838603437,-0.1970314588533363,0.00013853903686821735,5.6774399782279054e-05,7.311187444235723e-05,0.9179306851660463,2.9961827960234986e-05,-3.400229506414075e-06,1.9244893345949827e-07,3.0,0.9179306851660463,0.061654352776571344,8.246595389372358e-06,0.001587787085492501,0.09480261214756189,0.0015942028049570625,0.09578968962509045,2.9961827960234986e-05,1.1160242544934081e-05,0.994106626761808,786.0,839.0,1000.0,0.9907563279036732,0.05661962649454261,-0.1970314588533363,-0.056598806961844564,-3.400229506414075e-06,1.9244893345949827e-07,5.6774399782279054e-05,9.235285263631477,9.235197819614953,-0.34101773482317377,0.3411051788396975,1.827209021355166e-06,8.340283325459378e-06,0.14847186416435718,1652372.0930966623,6.382945801424649,8.246595389372358e-06,0.0015942028049570625,0.001587787085492501,0.09578968962509045,0.15150745260906176,3.0,-5.938492719141661e-08,3.220203569503051e-08,1.400220586073273e-06,0.0029421211928951324,0.0015417483119576304,-0.00031001278826252375,-1.8482554887337254e-09,0.003393731213106063,0.002505741859500798,-2.8339373022638134e-07,-1.520737643435359e-07,-1.3475284905709375e-07,-5.748402114160511e-09,3.8749787528604394e-07,5.9611824169512695e-05
99.0,6.038956970117596e-06,7.406303673869131e-05,0.6659191538120098,0.8363381915145994,0.16783227476454524,0.9663638784693067,0.9999974887699755,0.4629800197096151,0.00015366145633460336,0.00018486858709181004,0.00022892755471884453,0.00024006513381233721,0.0003766956555235808,0.0156255783326197,0.096240368189753,0.0,0.057010563589689124,1.8439374760152403e-06,6.380900689532832,0.2539338029507964,0.03437846897647046,379.78100423843756,0.9941333771534178,0.4536037108088701,1.1189822442145853e-05,7.768757485865378e-05,3.005134305542232e-05,8.35318432011951e-06,0.15133527034605274,0.010703397388109409,0.010703397388109409,1.0,9.238477995006066,0.09429894364103109,0.01107596598533797,0.01107619675612236,685876664.0982118,0.07294524792751413,2.0834839744426225e-05,0.010703553691713264,-0.0569897287499447,0.00013853934607125005,7.333679256918916e-05,0.015935907733755104,0.01750853184759218,9.238566017633442,0.009268266414636787,0.3443856508691443,0.009268266414636787,-0.3442976282417689,0.9907317335853633,0.19704446283879617,-0.19702362799905174,0.00013853934607125005,5.676950504118619e-05,7.333679256918916e-05,0.9179306851660463,3.005134305542232e-05,-3.388379795680159e-06,1.9310284545760531e-07,3.0,0.9179306851660463,0.061692543711380124,8.260861191048013e-06,0.001588771301980974,0.09486137713871119,0.0015951800885270807,0.09584968508715458,3.005134305542232e-05,1.1189822442145853e-05,0.9941333771534178,786.0,839.0,1000.0,0.9907317335853633,0.057010563589689124,-0.19702362799905174,-0.0569897287499447,-3.388379795680159e-06,1.9310284545760531e-07,5.676950504118619e-05,9.238566017633442,9.238477995006066,-0.3442976282417689,0.3443856508691443,1.8439374760152403e-06,8.35318432011951e-06,0.14847186416435718,1652372.0930966623,6.380900689532832,8.260861191048013e-06,0.0015951800885270807,0.001588771301980974,0.09584968508715458,0.15133527034605274,3.0,-5.8080696556016764e-08,3.14975901797806e-08,1.387870031019251e-06,0.002887159236723284,0.0015388219879949297,-0.000309436700405674,-1.841852438280592e-09,0.0033724853650470314,0.002481192507950983,-2.788752283797536e-07,-1.4874616508281512e-07,-1.316578835530139e-07,-5.664661775103865e-09,3.8707898723409775e-07,5.954390541104876e-05
100.0,5.981926950008705e-06,7.409396603060316e-05,0.6683881715522282,0.8391982961256598,0.16936963632508814,0.9660547293670343,0.9999974869314011,0.4663419374614912,0.00015504318942563785,0.00018459183751666668,0.00022878027920278127,0.00023993482703777604,0.00037669003190942557,0.015625965200785335,0.09629987816801641,0.0,0.057398882524362316,1.8605182731076542e-06,6.378859378010527,0.2538525670840924,0.034242683214306444,379.6595086412445,0.9941594547405964,0.454283776817956,1.1219083470783639e-05,7.775133398552485e-05,3.01394116302395e-05,8.365910876246078e-06,0.15116478073623194,0.01069997326830576,0.01069997326830576,1.0,9.241754172493389,0.09426011174756377,0.01107596599750487,0.01107619693724601,687564799.6110163,0.07275635542841048,2.085009344343257e-05,0.010700129220251126,-0.057378032430918886,0.00013853965320212585,7.355813019654899e-05,0.015922894200795717,0.017501360438525737,9.24184277031735,0.009292410656431856,0.34766212461870616,0.009292410656431856,-0.3475735267947453,0.9907075893435682,0.19703679045743874,-0.1970159403639953,0.00013853965320212585,5.676467881677333e-05,7.355813019654899e-05,0.9179306851660463,3.01394116302395e-05,-3.376686552203024e-06,1.937476305013528e-07,3.0,0.9179306851660463,0.061730691133343854,8.274920226436087e-06,0.0015897544496717023,0.09492007831474386,0.001596156246124001,0.09590961617105839,3.01394116302395e-05,1.1219083470783639e-05,0.9941594547405964,786.0,839.0,1000.0,0.9907075893435682,0.057398882524362316,-0.1970159403639953,-0.057378032430918886,-3.376686552203024e-06,1.937476305013528e-07,5.676467881677333e-05,9.24184277031735,9.241754172493389,-0.3475735267947453,0.34766212461870616,1.8605182731076542e-06,8.365910876246078e-06,0.14847186416435718,1652372.0930966623,6.378859378010527,8.274920226436087e-06,0.001596156246124001,0.0015897544496717023,0.09590961617105839,0.15116478073623194,3.0,-5.6273271356980256e-08,3.052007246153124e-08,1.3756110653281857e-06,0.0028332237831748875,0.0015359019721445575,-0.0003088616830754473,-1.8353857657597752e-09,0.00335137252156525,0.0024568836666606156,-2.7458021166096616e-07,-1.4570612867700713e-07,-1.2885129174983236e-07,-5.58290496708954e-09,3.866566463917081e-07,5.947606403582847e-05
